student_id,predicted_grade,risk_level,risk_score,support_demand_hours,actual_grade,school,sex,age,address,famsize,Pstatus,Medu,Fedu,Mjob,Fjob,reason,guardian,traveltime,studytime,failures,schoolsup,famsup,paid,activities,nursery,higher,internet,romantic,famrel,freetime,goout,Dalc,Walc,health,absences,G1,G2
STU001,7.22,High Risk,63.9,5,,GP,M,21,U,GT3,T,0,4,teacher,teacher,home,mother,1,4,3,no,no,yes,yes,yes,yes,yes,no,5,2,5,1,4,4,6,11,7
STU002,7.27,High Risk,63.65,5,,GP,M,18,U,LE3,A,0,1,teacher,other,course,mother,3,2,2,yes,yes,yes,no,yes,yes,yes,yes,3,4,5,5,1,3,9,18,7
STU003,13.82,Low Risk,30.9,0,,GP,F,20,U,GT3,A,3,4,at_home,services,other,mother,3,2,1,no,yes,no,no,yes,no,yes,no,5,3,4,3,4,1,7,6,14
STU004,17.9,Low Risk,10.5,0,,GP,F,17,U,GT3,T,2,1,teacher,teacher,home,mother,1,3,0,no,yes,no,no,yes,no,no,yes,4,3,2,2,1,4,8,8,17
STU005,15.64,Low Risk,21.8,0,,GP,F,15,R,LE3,T,2,3,other,teacher,other,mother,2,1,1,no,yes,no,yes,yes,no,yes,no,1,1,4,2,1,1,9,19,15
STU006,9.88,High Risk,50.6,5,,MS,M,15,U,GT3,T,3,0,services,teacher,course,mother,1,2,2,no,no,yes,yes,yes,yes,yes,no,3,2,2,2,4,2,4,7,10
STU007,14.12,Low Risk,29.4,0,,GP,M,22,U,GT3,T,3,3,health,other,home,mother,3,1,3,yes,yes,yes,no,yes,yes,yes,no,4,2,2,2,1,2,7,6,14
STU008,8.65,High Risk,56.75,5,,GP,F,22,U,GT3,T,4,4,at_home,services,other,mother,4,1,3,no,yes,no,yes,no,yes,yes,no,3,5,3,4,4,2,2,16,9
STU009,6.18,High Risk,69.1,5,,MS,M,17,U,LE3,T,0,1,teacher,at_home,reputation,mother,4,3,0,no,yes,no,yes,yes,yes,yes,no,1,1,1,3,2,5,8,6,5
STU010,12.29,Medium Risk,38.55,2,,GP,F,18,R,GT3,T,3,3,health,other,reputation,father,4,4,2,no,no,no,no,yes,yes,yes,no,4,2,2,5,5,3,5,19,12
STU011,18.28,Low Risk,8.6,0,,GP,M,16,U,LE3,T,2,1,services,services,reputation,mother,2,1,2,no,no,no,yes,yes,yes,yes,no,4,4,5,5,1,2,3,17,19
STU012,6.54,High Risk,67.3,5,,GP,M,16,U,GT3,T,0,0,at_home,other,other,father,3,3,3,yes,yes,no,no,no,yes,yes,yes,1,1,2,2,4,3,7,19,5
STU013,8.31,High Risk,58.45,5,,GP,M,21,U,GT3,T,0,0,teacher,services,other,mother,3,3,1,no,yes,no,no,yes,yes,yes,no,1,3,4,2,5,4,5,15,8
STU014,6.59,High Risk,67.05,5,,GP,F,20,U,GT3,T,1,2,health,at_home,other,mother,4,3,1,no,no,no,no,yes,yes,yes,no,4,2,1,2,3,4,9,16,5
STU015,9.38,High Risk,53.1,5,,GP,M,15,R,GT3,T,3,2,teacher,other,reputation,mother,3,3,1,no,no,no,yes,yes,yes,yes,no,1,3,4,5,5,4,7,6,10
STU016,8.78,High Risk,56.1,5,,GP,M,16,U,LE3,T,0,0,teacher,teacher,home,mother,4,3,3,yes,yes,no,no,yes,yes,no,no,1,1,2,4,1,5,10,18,8
STU017,7.57,High Risk,62.15,5,,GP,M,19,U,GT3,T,2,1,health,at_home,course,mother,1,1,2,yes,yes,yes,yes,yes,yes,yes,no,2,2,4,3,5,5,6,18,7
STU018,13.02,Low Risk,34.9,0,,GP,M,22,U,LE3,A,4,3,health,other,other,other,2,4,0,no,yes,no,no,yes,yes,yes,yes,2,5,1,4,5,5,5,19,13
STU019,17.68,Low Risk,11.6,0,,MS,M,22,U,GT3,T,0,1,other,other,home,mother,2,1,2,no,yes,yes,yes,yes,yes,yes,yes,2,5,1,4,2,4,5,14,17
STU020,15.85,Low Risk,20.75,0,,GP,F,16,U,GT3,T,0,1,health,at_home,course,mother,3,2,3,yes,yes,no,yes,yes,yes,yes,yes,4,1,2,4,4,2,5,13,16
