feature,importance
G2,0.787342115915704
absences,0.1140925107147481
reason_home,0.01848950457686444
age,0.009873867832319212
G1,0.006077632839987505
famrel,0.004582595067709196
health,0.0040573438674898245
goout,0.003855448242783627
guardian_mother,0.0034489322319952885
studytime,0.0029933415811688427
reason_course,0.0029541002349982226
Walc,0.0024677122508326094
schoolsup_yes,0.0022863975089135115
romantic_yes,0.0022845363978183015
Fedu,0.0022004893545967707
freetime,0.00212304819464284
schoolsup_no,0.002092917066595255
Mjob_teacher,0.0017610323506646222
guardian_other,0.0016873012158466069
activities_yes,0.0013807574362181634
reason_other,0.0013107117067318143
Fjob_services,0.001292123255795395
failures,0.0012675665302907507
traveltime,0.0012282336998485684
romantic_no,0.0012269099563508895
activities_no,0.001223224866428779
Fjob_other,0.0010955199779519097
Medu,0.0010220810230321044
Dalc,0.0010057365410303788
Mjob_other,0.0009457716447083618
Mjob_at_home,0.0008591574940987441
Fjob_health,0.0008167318917866989
Mjob_services,0.0007351344423588828
Fjob_at_home,0.0007008734093996976
Mjob_health,0.0006742153361921984
guardian_father,0.0006083615395843624
famsize_GT3,0.0005601266363548394
reason_reputation,0.0005015545781338343
sex_M,0.0004996292701215889
internet_yes,0.0004945806479328477
paid_yes,0.0004807886438858676
address_R,0.00046826576413988217
famsup_no,0.00043775410020878175
internet_no,0.00043142717202446234
famsize_LE3,0.00042098617267221776
school_GP,0.00038841184440451806
paid_no,0.0003871994181577
sex_F,0.0003709317622812589
Pstatus_T,0.0003416106622541455
nursery_yes,0.00029173763664519736
address_U,0.0002850222018204325
Fjob_teacher,0.0002842545122235702
higher_no,0.0002619871402909378
school_MS,0.00024166922043958628
famsup_yes,0.00022637579778119642
Pstatus_A,0.000217373800465415
nursery_no,0.0001724547302404793
higher_yes,0.00017192009003475536
