individual_id,asd_probability,predicted_class,actual_class,risk_category,risk_score,support_demand_hours,A1_Score,A2_Score,A3_Score,A4_Score,A5_Score,A6_Score,A7_Score,A8_Score,A9_Score,A10_Score,age,gender,ethnicity,jundice,austim,contry_of_res,used_app_before,result,age_desc,relation,Class/ASD,selected_for_support
IND001,0.09,0,0,Low Risk,9.0,0,1,1,1,1,0,0,1,1,0,0,26,f,White-European,no,no,United States,no,6,18 and more,Self,NO,0
IND002,0.205,0,0,Low Risk,20.5,0,1,1,0,1,0,0,0,1,0,1,24,m,Latino,no,yes,Brazil,no,5,18 and more,Self,NO,0
IND003,0.965,1,1,High Risk,96.5,5,1,1,0,1,1,0,1,1,1,1,27,m,Latino,yes,yes,Spain,no,8,18 and more,Parent,YES,0
IND004,0.14,0,0,Low Risk,14.0,0,1,1,0,1,0,0,1,1,0,1,35,f,White-European,no,yes,United States,no,6,18 and more,Self,NO,0
IND005,0.0,0,0,Low Risk,0.0,0,1,0,0,0,0,0,0,1,0,0,40,f,?,no,no,Egypt,no,2,18 and more,?,NO,0
IND006,1.0,1,1,High Risk,100.0,5,1,1,1,1,1,0,1,1,1,1,36,m,Others,yes,no,United States,no,9,18 and more,Self,YES,1
IND007,0.035,0,0,Low Risk,3.5,0,0,1,0,0,0,0,0,1,0,0,17,f,Black,no,no,United States,no,2,18 and more,Self,NO,0
IND008,0.15,0,0,Low Risk,15.0,0,1,1,1,1,0,0,0,0,1,0,64,m,White-European,no,no,New Zealand,no,5,18 and more,Parent,NO,0
IND009,0.315,0,0,Medium Risk,31.5,2,1,1,0,0,1,0,0,1,1,1,29,m,White-European,no,no,United States,no,6,18 and more,Self,NO,0
IND010,0.945,1,1,High Risk,94.5,5,1,1,1,1,0,1,1,1,1,0,17,m,Asian,yes,yes,Bahamas,no,8,18 and more,Health care professional,YES,0
IND011,1.0,1,1,High Risk,100.0,5,1,1,1,1,1,1,1,1,1,1,33,m,White-European,no,no,United States,no,10,18 and more,Relative,YES,1
IND012,0.18,0,0,Low Risk,18.0,0,0,1,0,1,1,1,1,0,0,1,18,f,Middle Eastern ,no,no,Burundi,no,6,18 and more,Parent,NO,0
IND013,0.255,0,0,Low Risk,25.5,0,0,1,1,1,1,1,0,0,1,0,17,f,?,no,no,Bahamas,no,6,18 and more,?,NO,0
IND014,0.04,0,0,Low Risk,4.0,0,1,0,0,0,0,0,1,1,0,1,17,m,?,no,no,Austria,no,4,18 and more,?,NO,0
IND015,0.05,0,0,Low Risk,5.0,0,1,0,0,0,0,0,1,1,0,1,17,f,?,no,no,Argentina,no,4,18 and more,?,NO,0
IND016,0.15,0,0,Low Risk,15.0,0,1,1,0,1,1,0,0,1,0,1,18,m,Middle Eastern ,no,yes,New Zealand,no,6,18 and more,Parent,NO,0
IND017,0.045,0,0,Low Risk,4.5,0,1,0,0,0,0,0,1,1,1,1,31,m,Middle Eastern ,no,no,Jordan,no,5,18 and more,Self,NO,0
IND018,0.045,0,0,Low Risk,4.5,0,0,0,0,0,0,0,0,1,0,1,30,m,White-European,no,no,Ireland,no,2,18 and more,Self,NO,0
IND019,0.105,0,0,Low Risk,10.5,0,0,0,1,0,1,1,0,0,0,0,35,f,Middle Eastern ,no,yes,United Arab Emirates,no,3,18 and more,Self,NO,0
IND020,0.01,0,0,Low Risk,1.0,0,0,0,0,0,0,0,1,1,0,1,34,m,?,yes,no,United Arab Emirates,no,3,18 and more,?,NO,0
IND021,0.01,0,0,Low Risk,1.0,0,0,1,1,1,0,0,0,0,0,0,38,m,?,no,no,United Arab Emirates,no,3,18 and more,?,NO,0
IND022,0.0,0,0,Low Risk,0.0,0,0,0,0,0,0,0,0,0,0,0,27,f,Black,no,no,United Arab Emirates,no,0,18 and more,Self,NO,0
IND023,0.135,0,0,Low Risk,13.5,0,0,0,0,1,0,0,1,1,1,1,27,m,Middle Eastern ,no,no,Afghanistan,no,5,18 and more,Self,NO,0
IND024,0.015,0,0,Low Risk,1.5,0,0,0,0,0,0,0,0,1,0,1,42,m,Middle Eastern ,yes,no,United Arab Emirates,no,2,18 and more,Relative,NO,0
IND025,0.085,0,0,Low Risk,8.5,0,1,1,1,1,0,0,0,1,0,0,43,m,?,no,no,Lebanon,no,5,18 and more,?,NO,0
IND026,0.015,0,0,Low Risk,1.5,0,0,1,1,0,0,0,0,1,0,0,24,f,?,yes,no,Afghanistan,no,3,18 and more,?,NO,0
IND027,0.005,0,0,Low Risk,0.5,0,0,0,0,0,0,0,0,1,0,0,40,m,Pasifika,yes,yes,United Arab Emirates,no,1,18 and more,Self,NO,0
IND028,0.02,0,0,Low Risk,2.0,0,0,0,0,0,0,0,0,1,0,0,40,m,Middle Eastern ,yes,yes,Afghanistan,no,1,18 and more,Parent,NO,0
IND029,0.0,0,0,Low Risk,0.0,0,0,0,0,0,0,0,0,1,0,0,48,m,Black,no,no,New Zealand,no,1,18 and more,Self,NO,0
IND030,0.065,0,0,Low Risk,6.5,0,0,1,1,0,0,0,0,0,1,1,31,m,Middle Eastern ,no,no,United Kingdom,no,4,18 and more,Self,NO,0
IND031,0.005,0,0,Low Risk,0.5,0,0,0,0,0,0,0,0,0,0,0,18,m,White-European,no,no,United Kingdom,no,0,18 and more,Self,NO,0
IND032,0.96,1,1,High Risk,96.0,5,1,0,0,1,1,1,1,1,0,1,37,f,White-European,no,yes,United States,no,7,18 and more,Self,YES,0
IND033,0.03,0,0,Low Risk,3.0,0,1,1,0,0,0,0,1,0,0,1,55,f,Others,no,no,New Zealand,no,4,18 and more,Self,NO,0
IND034,0.995,1,1,High Risk,99.5,5,1,1,1,1,1,1,1,1,1,1,18,f,White-European,yes,no,South Africa,no,10,18 and more,Self,YES,0
IND035,0.995,1,1,High Risk,99.5,5,1,1,1,1,1,1,1,1,1,1,18,f,White-European,no,no,South Africa,no,10,18 and more,Self,YES,0
IND036,0.0,0,0,Low Risk,0.0,0,0,0,1,0,0,0,0,0,0,0,55,m,White-European,no,no,New Zealand,no,1,18 and more,Self,NO,0
IND037,0.115,0,0,Low Risk,11.5,0,0,1,1,0,1,0,0,1,1,1,50,m,Middle Eastern ,no,no,United Arab Emirates,no,6,18 and more,Self,NO,0
IND038,0.345,0,0,Medium Risk,34.5,2,1,0,1,1,1,1,0,0,1,0,34,f,White-European,no,no,New Zealand,no,6,18 and more,Self,NO,0
IND039,0.735,1,1,High Risk,73.5,5,1,0,0,1,1,1,1,0,1,1,53,f,White-European,no,no,New Zealand,no,7,18 and more,Self,YES,0
IND040,0.975,1,1,High Risk,97.5,5,1,0,1,1,0,1,1,1,1,1,35,f,White-European,no,yes,United States,no,8,18 and more,Self,YES,0
IND041,0.955,1,1,High Risk,95.5,5,1,0,1,1,1,0,1,1,0,1,20,f,Latino,yes,no,Italy,no,7,18 and more,Self,YES,0
IND042,0.045,0,0,Low Risk,4.5,0,0,0,0,0,1,1,0,0,0,0,28,f,Asian,no,no,Pakistan,no,2,18 and more,Self,NO,0
IND043,0.025,0,0,Low Risk,2.5,0,0,0,1,1,0,0,0,0,0,1,34,f,Middle Eastern ,no,yes,Egypt,no,3,18 and more,Self,NO,0
IND044,0.075,0,0,Low Risk,7.5,0,0,1,1,1,0,0,0,0,0,1,36,f,White-European,yes,yes,United States,no,4,18 and more,Self,NO,0
IND045,0.955,1,1,High Risk,95.5,5,1,1,1,1,1,1,0,1,0,1,27,f,White-European,no,no,New Zealand,no,8,18 and more,Self,YES,0
IND046,0.625,1,1,Medium Risk,62.5,2,1,0,1,1,1,1,0,1,1,0,53,f,White-European,no,no,New Zealand,no,7,18 and more,Relative,YES,1
IND047,0.125,0,0,Low Risk,12.5,0,1,1,1,1,0,1,0,0,0,0,24,f,Pasifika,no,no,New Zealand,no,5,18 and more,Relative,NO,0
IND048,0.025,0,0,Low Risk,2.5,0,0,0,1,1,1,0,1,0,0,0,24,m,Pasifika,no,no,New Zealand,no,4,18 and more,Relative,NO,0
IND049,0.045,0,0,Low Risk,4.5,0,0,1,1,0,0,1,0,0,0,0,55,m,White-European,no,no,New Zealand,no,3,18 and more,Relative,NO,0
IND050,0.13,0,0,Low Risk,13.0,0,1,1,0,0,0,1,1,1,0,1,30,f,Asian,no,no,Bangladesh,no,6,18 and more,Self,NO,0
IND051,0.03,0,0,Low Risk,3.0,0,1,0,0,1,0,0,0,1,0,0,21,f,Latino,no,no,Chile,no,3,18 and more,Self,NO,0
IND052,0.995,1,1,High Risk,99.5,5,1,1,1,1,1,1,1,1,1,1,35,f,Black,no,no,France,no,10,18 and more,Parent,YES,0
IND053,0.005,0,0,Low Risk,0.5,0,1,0,0,0,0,0,0,0,0,0,383,f,Pasifika,no,no,New Zealand,no,1,18 and more,Self,NO,0
IND054,0.98,1,1,High Risk,98.0,5,1,0,1,1,1,1,1,1,0,1,21,m,Latino,no,yes,Brazil,no,8,18 and more,Self,YES,0
IND055,1.0,1,1,High Risk,100.0,5,1,1,1,1,1,1,1,1,1,1,47,m,White-European,no,no,United States,no,10,18 and more,Self,YES,1
IND056,0.995,1,1,High Risk,99.5,5,1,1,1,1,1,1,0,1,1,1,30,f,Asian,no,no,China,no,9,18 and more,Self,YES,0
IND057,0.97,1,1,High Risk,97.0,5,1,0,1,1,1,1,0,1,1,1,28,f,White-European,no,no,Australia,no,8,18 and more,Self,YES,0
IND058,1.0,1,1,High Risk,100.0,5,1,1,1,1,1,1,0,1,1,1,43,f,White-European,no,no,Australia,no,9,18 and more,Self,YES,1
IND059,0.05,0,0,Low Risk,5.0,0,1,0,0,0,1,0,0,1,0,0,32,f,South Asian,no,yes,Canada,no,3,18 and more,Self,NO,0
IND060,0.08,0,0,Low Risk,8.0,0,1,1,1,1,0,0,0,1,0,0,44,f,White-European,no,no,Australia,no,5,18 and more,Self,NO,0
IND061,0.965,1,1,High Risk,96.5,5,1,0,1,1,1,1,1,1,0,1,20,f,Others,no,no,Canada,no,8,18 and more,Self,YES,0
IND062,0.93,1,1,High Risk,93.0,5,1,0,1,1,0,1,1,1,0,1,20,f,Others,no,no,Canada,yes,7,18 and more,Self,YES,0
IND063,0.0,0,0,Low Risk,0.0,0,0,0,0,0,0,0,0,0,0,0,?,m,?,no,no,Saudi Arabia,no,0,18 and more,?,NO,0
IND064,0.35,0,0,Medium Risk,35.0,2,1,0,0,1,1,0,0,1,1,0,19,m,White-European,no,no,Australia,no,5,18 and more,Parent,NO,0
IND065,0.945,1,1,High Risk,94.5,5,1,1,1,1,1,1,1,1,0,1,29,f,White-European,no,no,Australia,no,9,18 and more,Self,YES,0
IND066,0.015,0,0,Low Risk,1.5,0,1,0,1,0,0,0,0,1,0,0,21,m,Middle Eastern ,no,no,United States,no,3,18 and more,Self,NO,0
IND067,0.005,0,0,Low Risk,0.5,0,0,1,0,0,0,0,0,1,0,0,27,m,Middle Eastern ,no,no,France,no,2,18 and more,Parent,NO,0
IND068,0.315,0,0,Medium Risk,31.5,2,1,0,1,0,1,1,1,1,0,0,21,m,Hispanic,no,no,United States,no,6,18 and more,Self,NO,0
IND069,0.015,0,0,Low Risk,1.5,0,1,0,0,0,1,0,1,0,0,1,35,m,Middle Eastern ,no,no,Saudi Arabia,no,4,18 and more,Self,NO,0
IND070,0.005,0,0,Low Risk,0.5,0,0,0,0,0,1,0,0,0,0,0,42,m,Black,no,no,New Zealand,no,1,18 and more,Self,NO,0
IND071,0.085,0,0,Low Risk,8.5,0,1,1,0,0,0,0,1,1,0,1,29,f,South Asian,no,no,New Zealand,no,5,18 and more,Self,NO,0
IND072,0.025,0,0,Low Risk,2.5,0,0,0,1,1,0,0,0,1,0,0,58,m,Asian,no,no,New Zealand,no,3,18 and more,Self,NO,0
IND073,0.125,0,0,Low Risk,12.5,0,1,0,1,1,0,0,1,1,0,1,21,m,Others,no,no,United States,no,6,18 and more,Self,NO,0
IND074,0.385,0,0,Medium Risk,38.5,2,1,1,1,0,0,0,0,1,1,1,21,m,Others,no,no,United States,no,6,18 and more,Self,NO,1
IND075,0.585,1,0,Medium Risk,58.5,2,0,0,1,1,1,0,0,1,1,1,37,f,White-European,no,yes,United States,no,6,18 and more,Self,NO,1
IND076,0.92,1,1,High Risk,92.0,5,1,1,0,1,1,1,1,1,0,0,21,m,Hispanic,no,no,United States,no,7,18 and more,Self,YES,0
IND077,0.04,0,0,Low Risk,4.0,0,1,0,0,0,0,0,1,1,0,0,20,m,Middle Eastern ,no,no,United States,no,3,18 and more,Self,NO,0
IND078,0.955,1,1,High Risk,95.5,5,1,1,0,1,1,1,1,1,1,0,33,f,Black,no,yes,United States,no,8,18 and more,Self,YES,0
IND079,0.055,0,0,Low Risk,5.5,0,1,0,0,1,1,0,0,0,0,1,20,m,Middle Eastern ,no,no,United States,no,4,18 and more,Self,NO,0
IND080,0.0,0,0,Low Risk,0.0,0,1,1,0,0,0,0,0,0,0,0,45,f,?,yes,no,Jordan,no,2,18 and more,?,NO,0
IND081,0.155,0,0,Low Risk,15.5,0,0,0,1,1,0,0,1,1,0,1,32,m,?,yes,yes,Afghanistan,no,5,18 and more,?,NO,0
IND082,0.005,0,0,Low Risk,0.5,0,1,0,0,0,0,0,1,0,0,1,30,m,?,no,no,Jordan,no,3,18 and more,?,NO,0
IND083,1.0,1,1,High Risk,100.0,5,1,1,1,1,1,1,1,1,1,1,33,f,White-European,no,yes,Netherlands,no,10,18 and more,Self,YES,1
IND084,0.015,0,0,Low Risk,1.5,0,0,0,1,0,1,0,0,1,0,1,42,f,Middle Eastern ,no,no,Jordan,no,4,18 and more,Self,NO,0
IND085,0.005,0,0,Low Risk,0.5,0,1,1,0,0,0,0,0,0,0,0,17,f,White-European,no,no,New Zealand,no,2,18 and more,Self,NO,0
IND086,0.025,0,0,Low Risk,2.5,0,1,0,0,0,0,0,0,1,0,1,27,f,Middle Eastern ,no,no,United States,no,3,18 and more,Self,NO,0
IND087,0.985,1,1,High Risk,98.5,5,1,0,0,1,1,1,1,1,1,1,35,f,Middle Eastern ,no,yes,Afghanistan,no,8,18 and more,Parent,YES,0
IND088,0.0,0,0,Low Risk,0.0,0,1,0,0,0,0,0,0,0,0,0,37,m,White-European,no,no,United Kingdom,no,1,18 and more,Self,NO,0
IND089,0.11,0,0,Low Risk,11.0,0,1,0,0,0,0,0,0,1,1,1,30,f,White-European,no,yes,United Kingdom,no,4,18 and more,Self,NO,0
IND090,0.985,1,1,High Risk,98.5,5,1,1,1,1,1,1,0,1,1,1,29,f,White-European,no,no,New Zealand,no,9,18 and more,Self,YES,0
IND091,0.04,0,0,Low Risk,4.0,0,1,0,1,1,0,0,0,0,0,1,17,f,White-European,no,yes,Romania,no,4,18 and more,Self,NO,0
IND092,0.075,0,0,Low Risk,7.5,0,0,1,0,0,1,0,1,0,0,1,?,f,?,no,no,Jordan,no,4,18 and more,?,NO,0
IND093,0.23,0,0,Low Risk,23.0,0,0,0,0,1,1,1,0,1,0,1,22,f,Pasifika,no,no,New Zealand,no,5,18 and more,Self,NO,0
IND094,0.97,1,1,High Risk,97.0,5,1,1,1,0,1,1,1,0,1,1,19,f,Latino,no,yes,Brazil,no,8,18 and more,Self,YES,0
IND095,1.0,1,1,High Risk,100.0,5,1,1,1,1,1,0,0,1,1,1,42,f,White-European,no,yes,Sweden,no,8,18 and more,Self,YES,1
IND096,0.03,0,0,Low Risk,3.0,0,1,1,0,0,0,0,0,1,0,1,37,f,White-European,no,no,United Kingdom,no,4,18 and more,Self,NO,0
IND097,0.025,0,0,Low Risk,2.5,0,1,0,0,0,1,0,1,1,0,0,28,f,White-European,no,no,Australia,no,4,18 and more,Self,NO,0
IND098,0.035,0,0,Low Risk,3.5,0,1,0,0,1,1,0,1,0,0,0,22,m,Others,no,no,New Zealand,no,4,18 and more,Self,NO,0
IND099,0.005,0,0,Low Risk,0.5,0,1,1,0,0,0,0,0,1,0,0,26,f,Pasifika,no,no,Tonga,no,3,18 and more,Self,NO,0
IND100,0.01,0,0,Low Risk,1.0,0,0,0,0,0,0,0,0,0,1,0,21,m,Pasifika,no,no,Oman,no,1,18 and more,Self,NO,0
IND101,0.0,0,0,Low Risk,0.0,0,0,1,1,0,0,0,0,1,0,0,26,f,South Asian,no,no,India,no,3,18 and more,Self,NO,0
IND102,0.0,0,0,Low Risk,0.0,0,1,0,0,0,0,0,0,1,0,0,39,f,Asian,no,no,Philippines,no,2,18 and more,Self,NO,0
IND103,0.025,0,0,Low Risk,2.5,0,1,0,0,0,0,0,0,0,1,1,26,m,Asian,no,no,New Zealand,no,3,18 and more,Self,NO,0
IND104,0.04,0,0,Low Risk,4.0,0,1,1,0,0,1,0,1,1,0,0,26,m,Asian,no,no,India,no,5,18 and more,Self,NO,0
IND105,0.055,0,0,Low Risk,5.5,0,0,0,0,0,1,1,0,1,0,1,21,m,South Asian,no,no,India,no,4,18 and more,Self,NO,0
IND106,0.0,0,0,Low Risk,0.0,0,0,0,0,0,0,0,0,0,0,0,25,m,Asian,no,no,India,no,0,18 and more,Self,NO,0
IND107,0.14,0,0,Low Risk,14.0,0,0,0,1,0,1,1,1,1,0,1,26,m,South Asian,no,no,New Zealand,no,6,18 and more,Self,NO,0
IND108,0.65,1,1,Medium Risk,65.0,2,1,1,0,1,1,0,1,1,0,1,30,f,White-European,no,no,United States,no,7,18 and more,Self,YES,1
IND109,0.13,0,0,Low Risk,13.0,0,1,0,0,1,1,1,1,0,0,0,19,f,Asian,no,no,India,no,5,18 and more,Parent,NO,0
IND110,0.055,0,0,Low Risk,5.5,0,1,0,0,0,0,1,1,0,0,0,19,f,Asian,no,no,India,no,3,18 and more,Parent,NO,0
IND111,1.0,1,1,High Risk,100.0,5,1,0,1,1,1,1,1,1,1,1,25,f,White-European,no,yes,New Zealand,no,9,18 and more,Self,YES,1
IND112,0.275,0,0,Low Risk,27.5,0,0,0,1,1,0,1,0,1,1,1,23,m,White-European,no,no,United Kingdom,no,6,18 and more,Self,NO,0
IND113,0.01,0,0,Low Risk,1.0,0,1,0,0,0,1,0,0,0,0,1,31,m,Asian,no,no,Sri Lanka,no,3,18 and more,Parent,NO,0
IND114,0.03,0,0,Low Risk,3.0,0,0,1,0,0,0,0,0,1,1,1,27,m,Asian,no,no,New Zealand,no,4,18 and more,Self,NO,0
IND115,0.955,1,1,High Risk,95.5,5,1,1,0,1,1,1,1,1,0,1,29,f,Middle Eastern ,no,no,United Arab Emirates,no,8,18 and more,Self,YES,0
IND116,0.955,1,1,High Risk,95.5,5,1,0,1,1,1,1,0,1,1,0,38,f,White-European,no,no,United Kingdom,no,7,18 and more,Parent,YES,0
IND117,0.975,1,1,High Risk,97.5,5,1,1,1,1,1,1,0,1,0,1,23,f,White-European,no,no,United States,no,8,18 and more,Self,YES,0
IND118,0.175,0,0,Low Risk,17.5,0,1,1,1,0,1,0,1,1,0,0,27,m,White-European,no,no,United States,no,6,18 and more,Self,NO,0
IND119,1.0,1,1,High Risk,100.0,5,1,1,1,1,1,1,0,1,1,1,27,f,White-European,no,no,Canada,no,9,18 and more,Self,YES,1
IND120,0.725,1,1,High Risk,72.5,5,1,1,1,1,1,1,0,0,1,0,42,m,White-European,no,no,United States,no,7,18 and more,Self,YES,0
IND121,0.935,1,1,High Risk,93.5,5,1,1,1,1,1,1,0,1,1,1,20,m,White-European,no,no,United Kingdom,no,9,18 and more,Self,YES,0
IND122,0.975,1,1,High Risk,97.5,5,1,0,1,1,1,1,1,1,1,1,17,f,White-European,no,no,United States,no,9,18 and more,Self,YES,0
IND123,0.02,0,0,Low Risk,2.0,0,1,0,0,0,0,0,0,0,0,0,20,f,Black,no,no,Spain,no,1,18 and more,Self,NO,0
IND124,0.94,1,1,High Risk,94.0,5,1,0,0,1,1,1,1,1,0,1,30,m,Asian,yes,no,Sierra Leone,no,7,18 and more,Self,YES,0
IND125,1.0,1,1,High Risk,100.0,5,1,0,1,1,1,1,1,1,1,1,28,f,White-European,no,yes,Australia,no,9,18 and more,Self,YES,1
IND126,0.925,1,1,High Risk,92.5,5,1,1,0,0,1,1,1,1,0,1,26,f,White-European,no,no,New Zealand,no,7,18 and more,Self,YES,0
IND127,0.005,0,0,Low Risk,0.5,0,0,0,0,0,0,0,0,0,0,0,26,f,White-European,no,no,Australia,no,0,18 and more,Self,NO,0
IND128,0.52,1,0,Medium Risk,52.0,2,1,0,0,1,1,1,0,1,0,1,31,m,Middle Eastern ,no,yes,Canada,no,6,18 and more,Self,NO,1
IND129,0.095,0,0,Low Risk,9.5,0,1,0,1,1,0,0,1,0,0,1,40,f,White-European,no,no,United Kingdom,no,5,18 and more,Self,NO,0
IND130,0.16,0,0,Low Risk,16.0,0,1,0,0,0,1,0,0,0,1,1,39,f,White-European,no,yes,Ireland,no,4,18 and more,Relative,NO,0
IND131,0.02,0,0,Low Risk,2.0,0,1,1,0,0,0,0,0,1,0,0,18,f,White-European,no,no,United States,no,3,18 and more,Self,NO,0
IND132,0.005,0,0,Low Risk,0.5,0,1,0,0,0,0,0,0,1,0,1,24,m,Black,no,no,Ethiopia,no,3,18 and more,Self,NO,0
IND133,0.0,0,0,Low Risk,0.0,0,1,1,0,0,0,0,0,1,0,0,23,m,South Asian,no,no,India,no,3,18 and more,Self,NO,0
IND134,0.04,0,0,Low Risk,4.0,0,1,0,1,1,0,0,0,1,0,1,24,m,Asian,no,no,India,no,5,18 and more,Self,NO,0
IND135,0.125,0,0,Low Risk,12.5,0,0,1,0,0,1,1,0,1,1,0,24,m,Asian,no,no,New Zealand,no,5,18 and more,Self,NO,0
IND136,0.19,0,0,Low Risk,19.0,0,1,0,1,1,0,0,0,1,1,1,27,m,Asian,no,no,New Zealand,no,6,18 and more,Self,NO,0
IND137,0.155,0,0,Low Risk,15.5,0,0,1,1,0,0,1,0,0,1,1,24,m,Asian,no,no,New Zealand,no,5,18 and more,Self,NO,0
IND138,0.015,0,0,Low Risk,1.5,0,0,0,0,0,1,0,0,0,0,1,25,m,Asian,no,no,India,no,2,18 and more,Self,NO,0
IND139,0.025,0,0,Low Risk,2.5,0,1,0,0,0,0,0,1,0,0,1,22,m,Asian,no,no,New Zealand,no,3,18 and more,Self,NO,0
IND140,0.015,0,0,Low Risk,1.5,0,0,1,0,0,0,0,0,0,0,1,40,f,Asian,no,no,New Zealand,no,2,18 and more,Self,NO,0
IND141,0.02,0,0,Low Risk,2.0,0,0,0,1,1,0,0,0,1,0,1,23,m,Asian,no,no,India,no,4,18 and more,Self,NO,0
IND142,0.0,0,0,Low Risk,0.0,0,1,0,0,0,0,0,0,1,0,0,29,m,South Asian,no,no,India,no,2,18 and more,Self,NO,0
IND143,0.01,0,0,Low Risk,1.0,0,1,0,1,0,0,0,0,1,0,0,25,m,Asian,no,no,India,no,3,18 and more,Self,NO,0
IND144,0.0,0,0,Low Risk,0.0,0,1,0,0,1,1,0,0,1,0,0,27,m,Asian,no,no,India,no,4,18 and more,Self,NO,0
IND145,0.0,0,0,Low Risk,0.0,0,0,0,0,0,0,0,0,1,0,0,22,m,South Asian,no,no,New Zealand,no,1,18 and more,Self,NO,0
IND146,0.995,1,1,High Risk,99.5,5,1,0,0,1,1,1,1,1,1,1,28,m,White-European,no,no,United States,no,8,18 and more,Parent,YES,1
IND147,1.0,1,1,High Risk,100.0,5,1,0,1,1,1,1,1,1,1,1,20,m,White-European,no,no,Australia,no,9,18 and more,Self,YES,1
IND148,0.985,1,1,High Risk,98.5,5,1,1,1,1,1,1,1,1,1,1,19,f,White-European,no,no,Romania,no,10,18 and more,Self,YES,0
IND149,0.565,1,1,Medium Risk,56.5,2,1,1,0,0,1,1,1,1,0,1,37,f,Others,no,no,United States,no,7,18 and more,Self,YES,1
IND150,0.985,1,1,High Risk,98.5,5,1,1,1,1,1,0,1,1,1,0,35,m,White-European,yes,yes,United States,no,8,18 and more,Self,YES,0
IND151,0.005,0,0,Low Risk,0.5,0,0,0,0,0,1,0,0,1,0,0,26,m,Asian,no,no,New Zealand,no,2,18 and more,Self,NO,0
IND152,0.5,0,1,Medium Risk,50.0,2,0,1,1,1,1,0,1,1,0,1,23,m,Asian,no,no,Viet Nam,no,7,18 and more,Self,YES,1
IND153,0.12,0,0,Low Risk,12.0,0,1,1,0,0,1,0,0,0,0,1,32,f,South Asian,no,no,New Zealand,no,4,18 and more,Self,NO,0
IND154,0.185,0,0,Low Risk,18.5,0,0,0,1,0,1,0,1,0,1,1,30,m,Asian,no,no,Sri Lanka,no,5,18 and more,Self,NO,0
IND155,0.02,0,0,Low Risk,2.0,0,1,0,0,0,1,0,1,0,0,1,31,m,Asian,no,no,Sri Lanka,no,4,18 and more,Self,NO,0
IND156,0.01,0,0,Low Risk,1.0,0,0,0,0,0,0,0,1,1,0,1,28,f,Asian,no,no,New Zealand,no,3,18 and more,Self,NO,0
IND157,0.035,0,0,Low Risk,3.5,0,1,0,0,0,0,1,0,1,0,1,29,f,Asian,no,no,Sri Lanka,no,4,18 and more,Self,NO,0
IND158,0.065,0,0,Low Risk,6.5,0,0,1,0,0,1,0,0,1,0,1,29,f,South Asian,no,no,Sri Lanka,no,4,18 and more,Self,NO,0
IND159,0.06,0,0,Low Risk,6.0,0,1,0,0,1,0,0,0,0,1,1,29,f,Asian,no,no,India,no,4,18 and more,Self,NO,0
IND160,0.0,0,0,Low Risk,0.0,0,1,0,0,0,0,0,1,1,0,0,31,m,Asian,no,no,India,no,3,18 and more,Self,NO,0
IND161,0.0,0,0,Low Risk,0.0,0,0,0,0,0,0,0,0,0,0,0,36,m,Asian,no,no,India,no,0,18 and more,Parent,NO,0
IND162,0.0,0,0,Low Risk,0.0,0,0,1,0,0,0,0,0,1,0,0,32,f,South Asian,no,no,India,no,2,18 and more,Self,NO,0
IND163,0.0,0,0,Low Risk,0.0,0,0,0,0,0,0,0,0,1,0,0,34,f,South Asian,no,no,New Zealand,no,1,18 and more,Self,NO,0
IND164,0.005,0,0,Low Risk,0.5,0,1,1,0,0,0,0,0,1,0,0,24,m,Asian,no,no,Sri Lanka,no,3,18 and more,Self,NO,0
IND165,0.075,0,0,Low Risk,7.5,0,1,0,1,0,1,0,1,1,0,1,24,f,Asian,no,no,New Zealand,no,6,18 and more,Self,NO,0
IND166,0.04,0,0,Low Risk,4.0,0,1,0,0,0,1,0,1,1,0,1,42,m,Asian,no,no,Sri Lanka,no,5,18 and more,Self,NO,0
IND167,0.075,0,0,Low Risk,7.5,0,0,0,1,0,0,0,0,1,1,1,26,f,Others,no,no,India,no,4,18 and more,Self,NO,0
IND168,0.0,0,0,Low Risk,0.0,0,1,0,0,0,1,0,1,1,0,0,27,f,Asian,no,no,Sri Lanka,no,4,18 and more,Self,NO,0
IND169,0.345,0,0,Medium Risk,34.5,2,0,0,1,1,1,0,0,1,1,1,36,f,Latino,no,yes,Brazil,no,6,18 and more,Self,NO,0
IND170,0.975,1,1,High Risk,97.5,5,1,1,1,1,1,0,0,1,1,1,36,f,Latino,no,yes,Brazil,no,8,18 and more,Self,YES,0
IND171,0.1,0,0,Low Risk,10.0,0,1,0,1,1,0,0,1,1,0,1,55,m,Hispanic,no,no,United States,no,6,18 and more,Self,NO,0
IND172,0.02,0,0,Low Risk,2.0,0,1,1,0,1,0,0,1,0,0,0,23,f,Asian,no,no,New Zealand,no,4,18 and more,Self,NO,0
IND173,0.04,0,0,Low Risk,4.0,0,0,0,1,1,1,0,0,0,0,1,22,f,Asian,no,no,Sri Lanka,no,4,18 and more,Self,NO,0
IND174,0.01,0,0,Low Risk,1.0,0,1,0,0,0,0,0,0,1,0,0,42,f,Middle Eastern ,no,no,France,no,2,18 and more,Parent,NO,0
IND175,0.04,0,0,Low Risk,4.0,0,1,0,0,1,0,0,0,1,0,0,54,m,White-European,no,no,Canada,no,3,18 and more,Self,NO,0
IND176,0.15,0,0,Low Risk,15.0,0,1,1,0,0,0,0,1,1,1,1,43,f,Black,no,no,United States,no,6,18 and more,Self,NO,0
IND177,0.99,1,1,High Risk,99.0,5,1,1,1,1,1,1,0,1,1,1,43,f,Black,no,no,United States,yes,9,18 and more,Self,YES,0
IND178,0.2,0,0,Low Risk,20.0,0,0,0,1,1,1,0,0,1,1,1,29,m,Middle Eastern ,no,no,Iran,no,6,18 and more,Self,NO,0
IND179,0.08,0,0,Low Risk,8.0,0,1,0,1,0,1,0,0,1,0,1,29,m,Middle Eastern ,no,no,Iran,no,5,18 and more,Self,NO,0
IND180,0.06,0,0,Low Risk,6.0,0,1,0,1,0,1,0,1,0,0,0,37,m,White-European,no,no,Australia,no,4,18 and more,Self,NO,0
IND181,0.035,0,0,Low Risk,3.5,0,1,0,0,0,1,0,1,0,0,1,39,f,White-European,no,no,Australia,no,4,18 and more,Self,NO,0
IND182,0.04,0,0,Low Risk,4.0,0,1,1,1,1,1,0,0,0,0,0,18,f,Asian,no,no,Viet Nam,no,5,18 and more,Self,NO,0
IND183,0.48,0,0,Medium Risk,48.0,2,0,1,0,1,1,1,0,1,0,1,31,m,White-European,no,no,United States,no,6,18 and more,Others,NO,1
IND184,0.04,0,0,Low Risk,4.0,0,0,0,1,1,1,0,0,0,0,1,34,m,Asian,no,no,New Zealand,no,4,18 and more,Self,NO,0
IND185,0.105,0,0,Low Risk,10.5,0,0,0,1,1,1,0,1,0,0,1,22,m,White-European,no,no,United States,no,5,18 and more,Self,NO,0
IND186,0.93,1,1,High Risk,93.0,5,1,0,1,1,1,1,1,0,1,0,28,m,South Asian,no,no,India,no,7,18 and more,Self,YES,0
IND187,0.045,0,0,Low Risk,4.5,0,1,0,0,0,0,0,1,1,0,1,38,m,Others,no,yes,Netherlands,no,4,18 and more,Self,NO,0
IND188,0.035,0,0,Low Risk,3.5,0,1,0,0,0,0,0,1,1,0,1,28,f,White-European,no,no,Australia,no,4,18 and more,Self,NO,0
IND189,0.98,1,1,High Risk,98.0,5,1,1,0,1,1,1,0,1,1,1,53,f,White-European,no,yes,United States,no,8,18 and more,Self,YES,0
IND190,0.08,0,0,Low Risk,8.0,0,1,1,1,0,1,0,1,0,0,0,26,m,White-European,no,no,United Kingdom,no,5,18 and more,Self,NO,0
IND191,1.0,1,1,High Risk,100.0,5,1,1,1,1,1,1,0,1,1,1,37,m,White-European,no,no,United Kingdom,no,9,18 and more,Self,YES,1
IND192,0.165,0,0,Low Risk,16.5,0,1,1,0,1,0,0,0,1,0,1,42,m,Latino,yes,yes,Costa Rica,no,5,18 and more,Parent,NO,0
IND193,0.03,0,0,Low Risk,3.0,0,1,0,0,0,0,0,0,1,0,1,43,m,Hispanic,no,no,United States,no,3,18 and more,Self,NO,0
IND194,0.0,0,0,Low Risk,0.0,0,1,0,0,0,0,0,0,1,0,0,32,f,Asian,no,no,United Kingdom,no,2,18 and more,Self,NO,0
IND195,0.03,0,0,Low Risk,3.0,0,0,1,0,1,0,0,0,1,0,0,31,m,White-European,no,yes,United Kingdom,no,3,18 and more,Self,NO,0
IND196,0.99,1,1,High Risk,99.0,5,1,0,1,1,1,1,1,1,1,1,53,f,White-European,no,no,United States,no,9,18 and more,Self,YES,0
IND197,1.0,1,1,High Risk,100.0,5,1,1,1,1,1,1,1,1,1,1,28,m,White-European,no,no,United States,no,10,18 and more,Self,YES,1
IND198,0.995,1,1,High Risk,99.5,5,1,0,1,1,1,1,1,1,1,1,38,m,White-European,no,no,Germany,no,9,18 and more,Self,YES,1
IND199,0.98,1,1,High Risk,98.0,5,1,1,1,0,1,1,0,1,1,0,31,m,White-European,no,no,United States,no,7,18 and more,Self,YES,0
IND200,0.04,0,0,Low Risk,4.0,0,1,1,1,1,0,0,0,0,0,0,31,f,Pasifika,no,yes,United States,no,4,18 and more,Self,NO,0
IND201,1.0,1,1,High Risk,100.0,5,1,1,1,1,1,0,1,1,1,1,21,f,White-European,no,no,Australia,no,9,18 and more,Self,YES,1
IND202,0.45,0,0,Medium Risk,45.0,2,1,1,0,1,1,0,0,0,1,1,25,f,White-European,no,no,United States,no,6,18 and more,Self,NO,1
IND203,0.945,1,1,High Risk,94.5,5,1,1,0,1,1,0,0,1,1,1,25,f,White-European,no,no,United States,no,7,18 and more,Self,YES,0
IND204,0.94,1,1,High Risk,94.0,5,1,1,1,1,1,1,1,0,1,1,60,f,White-European,no,yes,United States,no,9,18 and more,Relative,YES,0
IND205,0.075,0,0,Low Risk,7.5,0,1,0,1,1,0,0,0,0,0,0,39,m,White-European,no,yes,United States,no,3,18 and more,Self,NO,0
IND206,1.0,1,1,High Risk,100.0,5,1,1,1,1,1,1,1,1,1,1,53,m,White-European,no,no,United States,no,10,18 and more,Self,YES,1
IND207,0.975,1,1,High Risk,97.5,5,1,1,1,1,1,1,1,1,1,1,20,m,Middle Eastern ,no,yes,United States,no,10,18 and more,Parent,YES,0
IND208,0.96,1,1,High Risk,96.0,5,1,1,1,0,1,0,0,1,1,1,25,f,White-European,no,no,United States,yes,7,18 and more,Self,YES,0
IND209,0.05,0,0,Low Risk,5.0,0,1,1,1,1,0,0,1,1,0,0,50,m,White-European,no,no,United Kingdom,no,6,18 and more,Self,NO,0
IND210,1.0,1,1,High Risk,100.0,5,1,0,0,1,1,1,1,1,1,1,28,f,White-European,no,no,United States,no,8,18 and more,Self,YES,1
IND211,0.995,1,1,High Risk,99.5,5,1,0,1,1,1,1,1,1,1,1,37,f,White-European,no,yes,United Kingdom,no,9,18 and more,Self,YES,1
IND212,0.14,0,0,Low Risk,14.0,0,0,0,0,1,0,1,0,1,1,1,30,m,Asian,no,yes,India,no,5,18 and more,Self,NO,0
IND213,0.34,0,0,Medium Risk,34.0,2,1,1,0,0,0,1,1,1,0,1,32,f,White-European,no,no,United Kingdom,no,6,18 and more,Self,NO,0
IND214,0.01,0,0,Low Risk,1.0,0,1,0,1,1,0,0,0,0,0,1,34,f,White-European,no,no,United States,no,4,18 and more,Self,NO,0
IND215,0.15,0,0,Low Risk,15.0,0,1,1,1,1,0,0,0,0,0,1,42,m,White-European,no,no,United States,no,5,18 and more,Self,NO,0
IND216,0.97,1,1,High Risk,97.0,5,1,1,0,0,1,1,1,1,1,1,22,f,Black,no,no,Spain,no,8,18 and more,Self,YES,0
IND217,0.03,0,0,Low Risk,3.0,0,1,0,0,0,0,0,1,1,0,1,37,f,?,yes,no,United Arab Emirates,no,4,18 and more,?,NO,0
IND218,0.08,0,0,Low Risk,8.0,0,1,1,0,0,0,0,0,1,0,1,39,m,White-European,no,yes,United States,no,4,18 and more,Parent,NO,0
IND219,0.935,1,1,High Risk,93.5,5,1,1,0,1,1,0,1,1,0,1,18,m,White-European,no,no,Bangladesh,no,7,18 and more,Self,YES,0
IND220,0.02,0,0,Low Risk,2.0,0,1,0,0,1,0,0,0,0,0,0,54,f,White-European,no,yes,United States,no,2,18 and more,Parent,NO,0
IND221,0.005,0,0,Low Risk,0.5,0,1,1,0,0,0,0,0,1,0,0,42,m,White-European,no,no,United Kingdom,no,3,18 and more,Self,NO,0
IND222,0.01,0,0,Low Risk,1.0,0,0,0,1,0,0,0,0,0,0,0,27,f,?,no,no,Afghanistan,no,1,18 and more,?,NO,0
IND223,0.115,0,0,Low Risk,11.5,0,1,1,1,1,1,0,0,1,0,0,22,m,White-European,no,no,United Kingdom,no,6,18 and more,Self,NO,0
IND224,0.99,1,1,High Risk,99.0,5,1,0,1,1,0,1,1,1,1,1,22,m,White-European,no,no,United Kingdom,no,8,18 and more,Self,YES,0
IND225,1.0,1,1,High Risk,100.0,5,1,1,1,1,1,1,1,0,1,1,21,f,White-European,no,no,United Kingdom,no,9,18 and more,Self,YES,1
IND226,0.065,0,0,Low Risk,6.5,0,0,1,0,1,0,0,0,1,0,1,28,f,White-European,no,no,United States,no,4,18 and more,Self,NO,0
IND227,0.97,1,1,High Risk,97.0,5,1,1,1,1,1,1,1,0,1,1,17,m,Asian,yes,no,India,no,9,18 and more,Relative,YES,0
IND228,0.015,0,0,Low Risk,1.5,0,0,1,0,0,0,0,0,0,0,0,28,m,White-European,no,no,United States,no,1,18 and more,Self,NO,0
IND229,0.24,0,0,Low Risk,24.0,0,0,0,0,1,1,0,1,1,0,1,21,m,Latino,no,no,Mexico,no,5,18 and more,Self,NO,0
IND230,1.0,1,1,High Risk,100.0,5,1,1,1,1,1,1,1,1,1,1,31,f,Asian,no,no,New Zealand,no,10,18 and more,Self,YES,1
IND231,0.03,0,0,Low Risk,3.0,0,1,0,0,0,0,0,1,1,0,0,20,m,South Asian,no,no,New Zealand,no,3,18 and more,Self,NO,0
IND232,0.015,0,0,Low Risk,1.5,0,1,0,0,1,0,0,0,0,0,0,21,m,White-European,no,no,United Kingdom,no,2,18 and more,Self,NO,0
IND233,0.035,0,0,Low Risk,3.5,0,1,1,0,0,1,0,0,0,0,0,22,m,White-European,no,no,New Zealand,no,3,18 and more,Self,NO,0
IND234,0.045,0,0,Low Risk,4.5,0,0,1,0,0,0,0,0,1,1,1,21,m,White-European,no,no,New Zealand,no,4,18 and more,Self,NO,0
IND235,0.015,0,0,Low Risk,1.5,0,0,1,1,0,0,0,0,0,0,0,24,m,Black,no,no,New Zealand,no,2,18 and more,Self,NO,0
IND236,0.0,0,0,Low Risk,0.0,0,1,0,0,0,0,0,0,1,0,0,24,m,South Asian,no,no,India,no,2,18 and more,Self,NO,0
IND237,0.155,0,0,Low Risk,15.5,0,1,0,0,0,1,1,1,1,0,1,25,m,Asian,no,no,New Zealand,no,6,18 and more,Self,NO,0
IND238,0.005,0,0,Low Risk,0.5,0,1,0,0,0,0,0,0,0,0,1,17,m,South Asian,no,no,New Zealand,no,2,18 and more,Self,NO,0
IND239,0.095,0,0,Low Risk,9.5,0,0,1,0,0,0,0,0,1,1,0,21,m,?,no,no,Russia,no,3,18 and more,?,NO,0
IND240,0.0,0,0,Low Risk,0.0,0,1,0,0,0,0,0,0,1,0,0,23,m,Pasifika,no,no,New Zealand,no,2,18 and more,Self,NO,0
IND241,0.045,0,0,Low Risk,4.5,0,1,0,0,1,1,0,1,1,0,0,21,m,Asian,no,no,New Zealand,no,5,18 and more,Self,NO,0
IND242,0.2,0,0,Low Risk,20.0,0,1,0,0,0,1,0,1,1,1,1,22,m,Others,no,no,New Zealand,no,6,18 and more,Self,NO,0
IND243,0.01,0,0,Low Risk,1.0,0,1,0,0,0,1,0,0,1,0,1,24,f,Asian,no,no,India,no,4,18 and more,Self,NO,0
IND244,0.31,0,0,Medium Risk,31.0,2,0,0,1,0,1,1,0,0,1,1,34,m,Others,no,no,New Zealand,no,5,18 and more,Self,NO,0
IND245,0.225,0,0,Low Risk,22.5,0,1,0,1,0,1,0,1,1,0,1,30,m,Asian,no,no,New Zealand,no,6,18 and more,Self,NO,0
IND246,0.005,0,0,Low Risk,0.5,0,1,0,0,0,0,0,1,1,0,1,29,f,Asian,no,no,India,no,4,18 and more,Self,NO,0
IND247,0.055,0,0,Low Risk,5.5,0,1,0,0,1,1,0,1,1,0,0,20,m,Pasifika,no,no,New Zealand,no,5,18 and more,Self,NO,0
IND248,0.2,0,0,Low Risk,20.0,0,0,0,1,1,0,1,0,1,1,1,23,m,White-European,no,no,New Zealand,no,6,18 and more,Self,NO,0
IND249,0.0,0,0,Low Risk,0.0,0,0,0,0,0,0,0,0,1,0,1,26,m,Asian,no,no,India,no,2,18 and more,Self,NO,0
IND250,0.95,1,1,High Risk,95.0,5,1,0,0,1,1,1,1,1,1,1,20,m,South Asian,no,no,New Zealand,no,8,18 and more,Self,YES,0
IND251,0.01,0,0,Low Risk,1.0,0,1,0,0,0,0,0,1,1,0,0,41,m,Asian,no,no,New Zealand,no,3,18 and more,Self,NO,0
IND252,0.015,0,0,Low Risk,1.5,0,1,0,0,1,0,0,1,1,0,0,24,m,Asian,no,no,India,no,4,18 and more,Self,NO,0
IND253,0.005,0,0,Low Risk,0.5,0,0,0,0,1,0,0,0,1,0,0,35,m,Asian,no,no,India,no,2,18 and more,Self,NO,0
IND254,0.005,0,0,Low Risk,0.5,0,0,0,0,1,0,0,1,0,0,0,23,m,South Asian,no,no,India,no,2,18 and more,Self,NO,0
IND255,0.015,0,0,Low Risk,1.5,0,1,0,1,0,0,0,1,0,0,0,36,m,White-European,no,no,New Zealand,no,3,18 and more,Self,NO,0
IND256,0.025,0,0,Low Risk,2.5,0,1,1,0,0,1,0,0,1,0,0,33,m,Turkish,no,no,Armenia,no,4,18 and more,Self,NO,0
IND257,0.08,0,0,Low Risk,8.0,0,1,0,0,0,0,1,0,1,1,1,24,m,South Asian,no,no,India,no,5,18 and more,Self,NO,0
IND258,0.105,0,0,Low Risk,10.5,0,0,1,1,0,1,0,0,1,0,0,25,m,?,no,no,New Zealand,no,4,18 and more,?,NO,0
IND259,0.06,0,0,Low Risk,6.0,0,1,0,0,0,1,1,0,1,0,1,25,m,Asian,no,no,India,no,5,18 and more,Self,NO,0
IND260,0.075,0,0,Low Risk,7.5,0,1,0,0,0,0,0,1,1,1,1,25,m,Asian,no,no,India,no,5,18 and more,Self,NO,0
IND261,0.0,0,0,Low Risk,0.0,0,0,0,0,0,0,0,1,1,0,1,24,m,Asian,no,no,India,no,3,18 and more,Self,NO,0
IND262,0.075,0,0,Low Risk,7.5,0,1,0,1,0,1,0,0,1,0,1,27,f,South Asian,no,no,India,no,5,18 and more,Self,NO,0
IND263,0.0,0,0,Low Risk,0.0,0,1,0,0,0,0,0,1,1,0,0,26,m,Asian,no,no,India,no,3,18 and more,Self,NO,0
IND264,0.005,0,0,Low Risk,0.5,0,0,0,0,0,0,0,0,0,0,0,26,m,Others,no,no,New Zealand,no,0,18 and more,Self,NO,0
IND265,0.05,0,0,Low Risk,5.0,0,1,0,0,0,1,0,0,1,1,0,23,f,Asian,no,no,India,no,4,18 and more,Self,NO,0
IND266,0.895,1,1,High Risk,89.5,5,1,1,1,0,1,0,1,1,0,1,30,m,Asian,no,no,New Zealand,no,7,18 and more,Self,YES,0
IND267,0.035,0,0,Low Risk,3.5,0,1,0,0,1,0,0,0,0,1,0,25,m,Asian,no,no,Iceland,no,3,18 and more,Self,NO,0
IND268,0.0,0,0,Low Risk,0.0,0,1,0,0,0,0,0,0,1,0,1,23,m,Pasifika,no,no,New Zealand,no,3,18 and more,Self,NO,0
IND269,0.16,0,0,Low Risk,16.0,0,1,0,1,1,1,0,0,1,0,0,34,f,White-European,no,no,United States,no,5,18 and more,Self,NO,0
IND270,0.17,0,0,Low Risk,17.0,0,1,0,0,1,1,0,1,1,0,1,20,f,Asian,no,no,New Zealand,no,6,18 and more,Self,NO,0
IND271,0.95,1,1,High Risk,95.0,5,1,0,1,1,1,1,0,0,1,1,22,f,?,no,yes,Russia,no,7,18 and more,?,YES,0
IND272,0.955,1,1,High Risk,95.5,5,1,1,1,1,0,0,0,1,1,1,33,f,Black,no,yes,France,no,7,18 and more,Parent,YES,0
IND273,0.99,1,1,High Risk,99.0,5,1,1,1,1,1,1,1,1,1,1,46,m,White-European,no,no,Netherlands,no,10,18 and more,Self,YES,0
IND274,0.01,0,0,Low Risk,1.0,0,1,1,0,0,0,0,0,0,0,0,17,m,White-European,no,no,United Kingdom,no,2,18 and more,Others,NO,0
IND275,0.06,0,0,Low Risk,6.0,0,1,1,1,0,0,0,0,1,0,0,45,f,White-European,no,yes,United States,no,4,18 and more,Self,NO,0
IND276,0.16,0,0,Low Risk,16.0,0,0,1,1,1,0,0,0,0,1,0,26,m,Asian,no,no,India,no,4,18 and more,Others,NO,0
IND277,0.06,0,0,Low Risk,6.0,0,1,0,0,0,1,0,0,0,1,0,30,m,?,no,no,Jordan,no,3,18 and more,?,NO,0
IND278,0.005,0,0,Low Risk,0.5,0,1,1,0,0,0,0,0,0,0,0,32,f,?,no,yes,Jordan,no,2,18 and more,?,NO,0
IND279,0.985,1,1,High Risk,98.5,5,1,0,1,1,1,1,1,1,1,1,38,f,White-European,no,no,United Kingdom,no,9,18 and more,Self,YES,0
IND280,0.065,0,0,Low Risk,6.5,0,0,1,1,0,1,0,0,0,0,0,26,m,Hispanic,yes,no,Nicaragua,no,3,18 and more,Self,NO,0
IND281,0.045,0,0,Low Risk,4.5,0,1,0,0,0,0,0,0,0,0,0,29,f,Hispanic,no,yes,United States,no,1,18 and more,Self,NO,0
IND282,0.985,1,1,High Risk,98.5,5,1,1,1,1,1,0,0,1,1,1,33,m,White-European,no,no,Australia,no,8,18 and more,Self,YES,0
IND283,0.92,1,1,High Risk,92.0,5,0,1,1,0,1,1,1,0,1,1,32,f,Black,no,no,France,no,7,18 and more,Parent,YES,0
IND284,1.0,1,1,High Risk,100.0,5,1,1,1,1,1,1,1,1,1,1,44,f,White-European,no,no,United States,no,10,18 and more,Self,YES,1
IND285,0.01,0,0,Low Risk,1.0,0,0,1,0,0,0,0,1,0,0,1,47,f,White-European,yes,no,United Kingdom,no,3,18 and more,Self,NO,0
IND286,0.295,0,0,Low Risk,29.5,0,0,0,0,1,1,1,1,0,1,1,32,f,?,no,no,Hong Kong,no,6,18 and more,?,NO,0
IND287,0.0,0,0,Low Risk,0.0,0,0,0,0,0,0,0,0,0,0,0,40,m,White-European,no,no,New Zealand,no,0,18 and more,Self,NO,0
IND288,0.15,0,0,Low Risk,15.0,0,1,0,0,1,1,0,0,1,0,1,40,m,White-European,no,no,United States,no,5,18 and more,Self,NO,0
IND289,0.0,0,0,Low Risk,0.0,0,0,0,0,0,0,0,0,0,0,0,44,f,White-European,no,no,New Zealand,no,0,18 and more,Self,NO,0
IND290,0.98,1,1,High Risk,98.0,5,1,1,1,0,1,1,1,0,1,1,56,m,White-European,yes,no,United Kingdom,no,8,18 and more,Self,YES,0
IND291,0.99,1,1,High Risk,99.0,5,1,1,1,0,1,1,1,0,1,1,23,f,White-European,no,no,Ireland,no,8,18 and more,Self,YES,0
IND292,0.725,1,1,High Risk,72.5,5,1,1,0,1,1,0,0,1,1,1,32,f,Black,no,no,Canada,no,7,18 and more,Self,YES,0
IND293,0.09,0,0,Low Risk,9.0,0,0,1,1,1,0,0,0,1,0,1,27,m,White-European,no,yes,United Kingdom,no,5,18 and more,Self,NO,0
IND294,0.115,0,0,Low Risk,11.5,0,1,0,0,0,1,0,1,0,0,1,28,f,White-European,no,yes,United Kingdom,no,4,18 and more,Self,NO,0
IND295,0.01,0,0,Low Risk,1.0,0,0,0,0,0,0,0,0,0,0,0,40,f,Middle Eastern ,no,no,Afghanistan,no,0,18 and more,Parent,NO,0
IND296,0.97,1,1,High Risk,97.0,5,1,0,1,1,1,1,0,0,1,1,45,f,White-European,no,no,Canada,no,7,18 and more,Self,YES,0
IND297,0.985,1,1,High Risk,98.5,5,1,1,1,1,1,1,0,0,1,1,19,f,White-European,yes,no,United Kingdom,no,8,18 and more,Parent,YES,0
IND298,0.97,1,1,High Risk,97.0,5,1,1,1,1,0,1,0,1,1,1,55,m,White-European,no,yes,United States,no,8,18 and more,Others,YES,0
IND299,0.255,0,0,Low Risk,25.5,0,1,0,0,1,0,0,1,1,0,1,27,f,White-European,yes,no,Australia,no,5,18 and more,Self,NO,0
IND300,1.0,1,1,High Risk,100.0,5,1,1,1,1,1,1,1,0,1,1,19,f,White-European,yes,no,United Kingdom,no,9,18 and more,Self,YES,1
IND301,0.03,0,0,Low Risk,3.0,0,1,0,0,1,0,0,0,1,0,0,29,m,White-European,no,no,Ireland,no,3,18 and more,Self,NO,0
IND302,1.0,1,1,High Risk,100.0,5,1,1,1,1,1,1,1,1,1,1,33,f,White-European,yes,no,United Kingdom,no,10,18 and more,Self,YES,1
IND303,0.23,0,0,Low Risk,23.0,0,0,0,1,1,1,1,1,1,0,0,48,f,White-European,no,no,Netherlands,no,6,18 and more,Self,NO,0
IND304,0.105,0,0,Low Risk,10.5,0,0,0,0,0,0,0,0,1,1,0,37,f,Others,no,no,United Kingdom,no,2,18 and more,Self,NO,0
IND305,0.195,0,0,Low Risk,19.5,0,1,1,1,1,1,0,0,0,1,0,30,m,Asian,no,no,Afghanistan,no,6,18 and more,Self,NO,0
IND306,0.015,0,0,Low Risk,1.5,0,1,1,0,1,0,0,0,0,0,1,37,f,White-European,no,no,United Kingdom,no,4,18 and more,Self,NO,0
IND307,0.955,1,1,High Risk,95.5,5,1,0,0,1,1,0,1,1,1,1,28,f,?,no,no,Saudi Arabia,no,7,18 and more,?,YES,0
IND308,1.0,1,1,High Risk,100.0,5,1,0,0,1,1,1,1,1,1,1,20,f,White-European,no,no,Austria,no,8,18 and more,Self,YES,1
IND309,0.965,1,1,High Risk,96.5,5,1,1,1,1,1,1,0,0,1,1,25,f,Others,no,no,United States,no,8,18 and more,Self,YES,0
IND310,0.44,0,1,Medium Risk,44.0,2,1,1,1,1,1,1,0,1,0,0,58,f,Middle Eastern ,no,no,United Kingdom,no,7,18 and more,Self,YES,1
IND311,0.01,0,0,Low Risk,1.0,0,1,0,1,0,0,0,0,0,0,0,36,f,White-European,no,no,United States,no,2,18 and more,Self,NO,0
IND312,0.125,0,0,Low Risk,12.5,0,0,0,1,1,1,0,0,1,0,0,36,m,White-European,yes,no,United States,no,4,18 and more,Self,NO,0
IND313,0.92,1,1,High Risk,92.0,5,1,0,1,0,1,1,1,1,1,0,19,m,Hispanic,no,no,United States,no,7,18 and more,Self,YES,0
IND314,0.94,1,1,High Risk,94.0,5,1,0,1,1,1,1,0,1,1,0,19,m,Hispanic,no,no,United States,yes,7,18 and more,Self,YES,0
IND315,0.185,0,0,Low Risk,18.5,0,1,0,0,1,1,0,0,1,0,1,22,f,White-European,no,no,New Zealand,no,5,18 and more,Self,NO,0
IND316,0.0,0,0,Low Risk,0.0,0,1,1,0,0,0,0,0,1,0,0,20,m,?,no,no,United Arab Emirates,no,3,18 and more,?,NO,0
IND317,0.03,0,0,Low Risk,3.0,0,0,1,0,0,0,0,1,1,0,1,24,f,Middle Eastern ,no,no,United Arab Emirates,no,4,18 and more,Self,NO,0
IND318,0.085,0,0,Low Risk,8.5,0,0,0,0,1,1,0,0,1,1,0,19,m,Middle Eastern ,no,no,United Arab Emirates,no,4,18 and more,Self,NO,0
IND319,0.14,0,0,Low Risk,14.0,0,1,1,1,0,1,0,0,1,0,1,21,m,Others,no,no,United Arab Emirates,no,6,18 and more,Self,NO,0
IND320,0.0,0,0,Low Risk,0.0,0,0,0,0,0,0,0,0,0,0,0,20,m,Middle Eastern ,no,no,United Arab Emirates,no,0,18 and more,Self,NO,0
IND321,0.0,0,0,Low Risk,0.0,0,1,1,0,0,0,0,0,0,0,0,18,f,Middle Eastern ,no,no,United Arab Emirates,no,2,18 and more,Self,NO,0
IND322,0.02,0,0,Low Risk,2.0,0,0,1,1,0,0,0,0,1,0,1,23,f,Middle Eastern ,no,no,United Arab Emirates,no,4,18 and more,Self,NO,0
IND323,0.455,0,1,Medium Risk,45.5,2,1,1,1,0,1,1,1,1,0,1,22,m,Middle Eastern ,no,no,United Arab Emirates,no,8,18 and more,Self,YES,1
IND324,0.06,0,0,Low Risk,6.0,0,1,1,0,1,1,0,0,0,0,0,18,f,South Asian,no,yes,Bangladesh,no,4,18 and more,Self,NO,0
IND325,0.0,0,0,Low Risk,0.0,0,1,0,0,0,0,0,0,0,0,1,37,f,?,no,no,United Arab Emirates,no,2,18 and more,?,NO,0
IND326,0.005,0,0,Low Risk,0.5,0,1,1,1,0,1,0,0,1,0,0,18,m,Middle Eastern ,no,no,United Arab Emirates,no,5,18 and more,Relative,NO,0
IND327,0.005,0,0,Low Risk,0.5,0,1,1,1,0,1,0,0,1,0,0,18,m,Middle Eastern ,no,no,United Arab Emirates,no,5,18 and more,Relative,NO,0
IND328,0.005,0,0,Low Risk,0.5,0,0,0,0,0,1,0,0,1,0,0,18,m,Middle Eastern ,no,no,United Arab Emirates,no,2,18 and more,Relative,NO,0
IND329,0.01,0,0,Low Risk,1.0,0,1,1,1,0,0,0,0,1,0,0,18,m,Middle Eastern ,no,no,United Arab Emirates,no,4,18 and more,Relative,NO,0
IND330,0.015,0,0,Low Risk,1.5,0,0,1,0,0,0,0,1,1,0,0,18,m,Middle Eastern ,no,no,United Arab Emirates,no,3,18 and more,Relative,NO,0
IND331,0.01,0,0,Low Risk,1.0,0,1,1,1,0,0,0,0,1,0,0,18,m,Middle Eastern ,no,no,United Arab Emirates,no,4,18 and more,Relative,NO,0
IND332,0.995,1,1,High Risk,99.5,5,1,1,1,1,1,1,1,1,1,1,19,m,White-European,no,no,Austria,no,10,18 and more,Self,YES,1
IND333,0.795,1,1,High Risk,79.5,5,1,0,0,1,1,1,1,0,1,1,55,m,White-European,no,no,United Kingdom,no,7,18 and more,Self,YES,0
IND334,0.155,0,0,Low Risk,15.5,0,1,0,0,0,0,1,1,0,1,1,32,f,Asian,no,no,Canada,no,5,18 and more,Parent,NO,0
IND335,0.095,0,0,Low Risk,9.5,0,1,1,0,1,0,0,1,1,0,0,50,m,White-European,yes,no,United Kingdom,no,5,18 and more,Self,NO,0
IND336,0.06,0,0,Low Risk,6.0,0,1,1,1,1,0,0,1,1,0,0,40,m,White-European,no,no,United Kingdom,no,6,18 and more,Self,NO,0
IND337,0.215,0,0,Low Risk,21.5,0,1,0,0,1,1,1,0,0,0,0,47,m,Middle Eastern ,no,no,Jordan,no,4,18 and more,Self,NO,0
IND338,0.0,0,0,Low Risk,0.0,0,1,1,0,0,0,0,0,0,0,1,20,m,?,no,no,Jordan,no,3,18 and more,?,NO,0
IND339,0.035,0,0,Low Risk,3.5,0,1,0,1,0,0,0,1,1,0,0,22,f,?,no,no,Jordan,no,4,18 and more,?,NO,0
IND340,0.01,0,0,Low Risk,1.0,0,1,0,0,0,0,0,1,0,0,0,21,f,?,no,no,Jordan,no,2,18 and more,?,NO,0
IND341,0.21,0,0,Low Risk,21.0,0,1,0,1,1,0,0,1,1,1,0,21,f,?,no,no,Jordan,no,6,18 and more,?,NO,0
IND342,0.045,0,0,Low Risk,4.5,0,1,1,1,1,1,0,0,1,0,0,19,m,?,no,no,Jordan,no,6,18 and more,?,NO,0
IND343,0.02,0,0,Low Risk,2.0,0,1,0,1,1,0,0,0,0,0,0,21,f,?,no,no,Jordan,no,3,18 and more,?,NO,0
IND344,0.0,0,0,Low Risk,0.0,0,1,0,0,1,0,0,0,0,0,0,21,m,?,no,no,Jordan,no,2,18 and more,?,NO,0
IND345,0.05,0,0,Low Risk,5.0,0,0,1,0,1,0,1,0,1,0,1,23,f,?,no,no,Jordan,no,5,18 and more,?,NO,0
IND346,0.0,0,0,Low Risk,0.0,0,1,0,0,0,0,0,0,0,0,0,21,m,?,no,no,Jordan,no,1,18 and more,?,NO,0
IND347,0.195,0,0,Low Risk,19.5,0,1,0,0,0,1,0,1,1,1,0,21,m,?,no,no,Jordan,no,5,18 and more,?,NO,0
IND348,0.0,0,0,Low Risk,0.0,0,0,0,0,0,0,0,0,1,0,0,23,m,?,no,no,Jordan,no,1,18 and more,?,NO,0
IND349,0.6,1,1,Medium Risk,60.0,2,1,0,1,1,0,1,1,1,1,1,20,f,?,no,no,Jordan,no,8,18 and more,?,YES,1
IND350,0.045,0,0,Low Risk,4.5,0,1,1,1,0,0,0,0,1,0,1,21,f,?,no,no,Jordan,no,5,18 and more,?,NO,0
IND351,0.945,1,1,High Risk,94.5,5,1,1,1,0,1,0,1,1,1,1,20,m,?,no,no,Argentina,no,8,18 and more,?,YES,0
IND352,0.02,0,0,Low Risk,2.0,0,1,1,0,0,0,0,1,1,0,0,19,m,?,no,no,Jordan,no,4,18 and more,?,NO,0
IND353,0.0,0,0,Low Risk,0.0,0,0,1,0,0,0,0,0,1,0,0,21,m,?,no,no,Jordan,no,2,18 and more,?,NO,0
IND354,0.055,0,0,Low Risk,5.5,0,1,0,1,0,0,0,1,0,0,0,26,m,?,no,yes,Jordan,no,3,18 and more,?,NO,0
IND355,0.0,0,0,Low Risk,0.0,0,0,0,0,1,0,0,0,1,0,0,21,m,?,no,no,Jordan,no,2,18 and more,?,NO,0
IND356,0.025,0,0,Low Risk,2.5,0,0,0,0,0,1,0,0,1,0,0,19,m,?,no,no,Japan,no,2,18 and more,?,NO,0
IND357,0.04,0,0,Low Risk,4.0,0,1,0,0,1,0,0,0,1,0,1,22,m,Middle Eastern ,no,no,United Arab Emirates,no,4,18 and more,Parent,NO,0
IND358,0.0,0,0,Low Risk,0.0,0,1,0,0,0,0,0,0,1,0,0,19,f,Middle Eastern ,no,no,United Arab Emirates,no,2,18 and more,Self,NO,0
IND359,0.005,0,0,Low Risk,0.5,0,1,0,0,1,0,0,1,0,0,1,22,m,Middle Eastern ,no,no,United Arab Emirates,no,4,18 and more,Self,NO,0
IND360,0.0,0,0,Low Risk,0.0,0,0,0,1,0,0,0,0,0,0,1,20,m,Middle Eastern ,no,no,United Arab Emirates,no,2,18 and more,Self,NO,0
IND361,0.01,0,0,Low Risk,1.0,0,1,0,1,0,1,0,0,1,0,0,23,m,Middle Eastern ,no,no,United Arab Emirates,no,4,18 and more,Self,NO,0
IND362,0.03,0,0,Low Risk,3.0,0,0,0,0,0,0,1,0,1,0,0,19,f,?,no,no,Ukraine,no,2,18 and more,?,NO,0
IND363,0.015,0,0,Low Risk,1.5,0,0,0,0,0,1,0,0,1,0,1,20,m,Middle Eastern ,no,no,United Arab Emirates,no,3,18 and more,Parent,NO,0
IND364,0.0,0,0,Low Risk,0.0,0,0,1,0,1,0,0,0,0,0,0,24,m,Middle Eastern ,no,no,United Arab Emirates,no,2,18 and more,Self,NO,0
IND365,0.02,0,0,Low Risk,2.0,0,0,1,1,0,0,0,0,1,0,1,19,m,Middle Eastern ,no,no,United Arab Emirates,no,4,18 and more,Self,NO,0
IND366,0.045,0,0,Low Risk,4.5,0,1,0,0,0,0,1,0,1,0,1,20,m,?,no,no,United Arab Emirates,no,4,18 and more,?,NO,0
IND367,0.08,0,0,Low Risk,8.0,0,1,0,1,0,1,0,0,1,0,1,23,m,Middle Eastern ,no,yes,United Arab Emirates,no,5,18 and more,Self,NO,0
IND368,0.125,0,0,Low Risk,12.5,0,0,0,1,1,0,0,1,0,0,1,20,m,Others,no,no,Russia,no,4,18 and more,Self,NO,0
IND369,0.02,0,0,Low Risk,2.0,0,1,0,1,0,1,0,0,1,0,1,20,m,Middle Eastern ,no,no,United Arab Emirates,no,5,18 and more,Self,NO,0
IND370,0.03,0,0,Low Risk,3.0,0,0,0,0,0,0,0,0,1,1,0,20,m,?,yes,no,United Arab Emirates,no,2,18 and more,?,NO,0
IND371,0.03,0,0,Low Risk,3.0,0,1,0,1,0,0,0,0,0,0,1,20,f,?,no,no,United Arab Emirates,no,3,18 and more,?,NO,0
IND372,0.085,0,0,Low Risk,8.5,0,1,0,0,1,1,0,0,1,0,1,21,f,Asian,no,no,Afghanistan,no,5,18 and more,Self,NO,0
IND373,0.0,0,0,Low Risk,0.0,0,0,1,0,0,0,0,0,0,0,1,19,m,?,no,no,Kazakhstan,no,2,18 and more,?,NO,0
IND374,0.025,0,0,Low Risk,2.5,0,1,0,0,0,0,0,0,1,0,1,20,f,Middle Eastern ,no,no,United Arab Emirates,no,3,18 and more,Self,NO,0
IND375,0.105,0,0,Low Risk,10.5,0,1,0,0,1,1,0,1,0,0,1,20,m,Middle Eastern ,no,no,Saudi Arabia,no,5,18 and more,Self,NO,0
IND376,0.1,0,0,Low Risk,10.0,0,1,0,0,0,0,1,0,0,1,0,25,m,Middle Eastern ,yes,yes,Armenia,yes,3,18 and more,Relative,NO,0
IND377,0.0,0,0,Low Risk,0.0,0,1,0,0,0,0,0,0,1,0,0,20,f,Middle Eastern ,no,no,United Arab Emirates,no,2,18 and more,Self,NO,0
IND378,0.08,0,0,Low Risk,8.0,0,1,0,0,0,0,1,1,1,0,1,22,m,Middle Eastern ,no,no,AmericanSamoa,no,5,18 and more,Self,NO,0
IND379,0.0,0,0,Low Risk,0.0,0,1,0,0,0,0,0,0,1,0,0,20,f,?,no,no,United Arab Emirates,no,2,18 and more,?,NO,0
IND380,0.055,0,0,Low Risk,5.5,0,0,1,0,0,1,1,0,0,0,0,20,m,?,no,no,United Arab Emirates,no,3,18 and more,?,NO,0
IND381,0.01,0,0,Low Risk,1.0,0,0,0,0,1,0,0,1,0,0,0,20,f,?,no,no,Jordan,no,2,18 and more,?,NO,0
IND382,0.0,0,0,Low Risk,0.0,0,1,0,0,0,0,0,0,1,0,0,23,f,?,no,no,Jordan,no,2,18 and more,?,NO,0
IND383,0.96,1,1,High Risk,96.0,5,1,1,1,1,1,0,1,0,1,1,21,f,?,no,no,Jordan,no,8,18 and more,?,YES,0
IND384,0.0,0,0,Low Risk,0.0,0,1,0,0,0,0,0,1,1,0,1,22,m,?,no,no,Jordan,no,4,18 and more,?,NO,0
IND385,0.0,0,0,Low Risk,0.0,0,1,1,0,0,0,0,0,1,0,0,21,f,?,no,no,Jordan,no,3,18 and more,?,NO,0
IND386,0.045,0,0,Low Risk,4.5,0,1,0,1,0,0,0,0,0,0,1,20,f,?,no,no,Jordan,no,3,18 and more,?,NO,0
IND387,0.0,0,0,Low Risk,0.0,0,1,0,0,1,0,0,0,0,0,0,22,f,?,no,no,Jordan,no,2,18 and more,?,NO,0
IND388,0.18,0,0,Low Risk,18.0,0,1,0,1,1,1,0,1,1,0,0,21,f,?,yes,no,Jordan,no,6,18 and more,?,NO,0
IND389,0.01,0,0,Low Risk,1.0,0,1,1,0,0,1,0,0,1,0,0,20,f,?,no,no,Jordan,no,4,18 and more,?,NO,0
IND390,0.005,0,0,Low Risk,0.5,0,0,1,0,0,0,0,0,1,0,0,20,f,Middle Eastern ,no,no,United Arab Emirates,no,2,18 and more,Self,NO,0
IND391,0.005,0,0,Low Risk,0.5,0,1,0,0,0,1,0,0,1,0,0,21,m,?,no,no,Jordan,no,3,18 and more,?,NO,0
IND392,0.405,0,0,Medium Risk,40.5,2,1,0,1,1,1,0,0,0,1,1,21,m,Middle Eastern ,no,no,United Arab Emirates,no,6,18 and more,Self,NO,1
IND393,0.03,0,0,Low Risk,3.0,0,0,1,0,0,0,1,0,1,0,1,23,f,Middle Eastern ,no,no,United Arab Emirates,no,4,18 and more,Self,NO,0
IND394,0.0,0,0,Low Risk,0.0,0,1,1,0,0,0,0,0,1,0,0,21,f,Turkish,no,no,United Arab Emirates,no,3,18 and more,Self,NO,0
IND395,0.095,0,0,Low Risk,9.5,0,1,0,0,0,1,1,0,1,0,1,22,f,Black,no,no,United Arab Emirates,no,5,18 and more,Self,NO,0
IND396,0.065,0,0,Low Risk,6.5,0,0,1,1,1,0,1,0,1,0,0,19,f,?,no,no,United Arab Emirates,no,5,18 and more,?,NO,0
IND397,0.025,0,0,Low Risk,2.5,0,1,1,1,0,1,0,0,0,0,0,20,f,Asian,no,no,United Arab Emirates,no,4,18 and more,Self,NO,0
IND398,0.015,0,0,Low Risk,1.5,0,0,1,0,0,0,0,0,1,0,1,21,f,Others,no,no,United Arab Emirates,no,3,18 and more,Self,NO,0
IND399,0.005,0,0,Low Risk,0.5,0,0,1,1,0,0,0,0,1,0,0,26,m,Middle Eastern ,no,no,United Arab Emirates,no,3,18 and more,Self,NO,0
IND400,0.0,0,0,Low Risk,0.0,0,1,0,0,0,0,0,0,0,0,0,19,f,?,no,no,Kazakhstan,no,1,18 and more,?,NO,0
IND401,0.085,0,0,Low Risk,8.5,0,1,0,0,1,0,0,1,1,0,1,20,f,?,no,no,United Arab Emirates,no,5,18 and more,?,NO,0
IND402,0.0,0,0,Low Risk,0.0,0,1,0,0,0,0,0,0,1,0,1,26,f,?,no,no,United Arab Emirates,no,3,18 and more,?,NO,0
IND403,0.035,0,0,Low Risk,3.5,0,1,0,0,1,0,0,1,0,0,1,23,f,Black,no,no,United Arab Emirates,no,4,18 and more,Self,NO,0
IND404,0.045,0,0,Low Risk,4.5,0,1,0,0,1,0,0,1,0,0,1,28,f,?,no,no,United Arab Emirates,no,4,18 and more,?,NO,0
IND405,0.03,0,0,Low Risk,3.0,0,0,1,0,1,1,0,0,0,0,0,19,f,Middle Eastern ,no,no,United Arab Emirates,no,3,18 and more,Self,NO,0
IND406,0.005,0,0,Low Risk,0.5,0,1,0,0,0,0,0,1,1,0,0,20,f,Middle Eastern ,no,no,United Arab Emirates,no,3,18 and more,Self,NO,0
IND407,0.25,0,0,Low Risk,25.0,0,0,1,0,0,1,0,1,1,0,1,19,f,Black,no,no,United Arab Emirates,no,5,18 and more,Self,NO,0
IND408,0.675,1,1,Medium Risk,67.5,2,1,0,1,1,1,1,1,1,1,0,24,m,Asian,no,no,India,no,8,18 and more,Self,YES,1
IND409,0.235,0,0,Low Risk,23.5,0,1,0,0,1,1,0,0,1,0,1,19,f,South Asian,no,no,United Arab Emirates,no,5,18 and more,Self,NO,0
IND410,0.0,0,0,Low Risk,0.0,0,1,1,0,0,0,0,0,0,0,0,22,f,Middle Eastern ,no,no,United Arab Emirates,no,2,18 and more,Self,NO,0
IND411,0.025,0,0,Low Risk,2.5,0,1,1,0,1,0,0,0,0,0,1,20,f,Middle Eastern ,no,no,United Arab Emirates,no,4,18 and more,Self,NO,0
IND412,0.01,0,0,Low Risk,1.0,0,0,1,0,1,0,0,0,1,0,0,21,m,Middle Eastern ,no,no,United Arab Emirates,no,3,18 and more,Self,NO,0
IND413,0.085,0,0,Low Risk,8.5,0,0,0,1,1,1,0,0,1,0,0,24,f,Others,no,no,United Arab Emirates,no,4,18 and more,Self,NO,0
IND414,0.12,0,0,Low Risk,12.0,0,0,0,1,1,1,0,0,0,0,1,18,f,Middle Eastern ,no,no,United Arab Emirates,no,4,18 and more,Self,NO,0
IND415,0.89,1,1,High Risk,89.0,5,1,0,1,1,1,0,1,1,0,1,19,f,Middle Eastern ,no,no,United Arab Emirates,no,7,18 and more,Self,YES,0
IND416,0.025,0,0,Low Risk,2.5,0,1,0,1,0,0,0,0,0,0,0,19,f,Middle Eastern ,no,no,United Arab Emirates,no,2,18 and more,Self,NO,0
IND417,0.055,0,0,Low Risk,5.5,0,1,0,0,0,0,0,1,1,0,1,31,m,Middle Eastern ,yes,no,United Arab Emirates,no,4,18 and more,Self,NO,0
IND418,0.05,0,0,Low Risk,5.0,0,1,1,0,1,0,0,1,1,0,0,19,m,Middle Eastern ,no,no,United Arab Emirates,no,5,18 and more,Self,NO,0
IND419,0.05,0,0,Low Risk,5.0,0,1,0,0,0,0,0,1,0,1,1,21,f,Middle Eastern ,no,no,United Arab Emirates,no,4,18 and more,Self,NO,0
IND420,0.055,0,0,Low Risk,5.5,0,1,0,0,0,1,0,1,0,0,1,20,m,Middle Eastern ,no,no,United Arab Emirates,no,4,18 and more,Self,NO,0
IND421,0.13,0,0,Low Risk,13.0,0,1,0,1,0,1,0,1,1,0,1,26,f,Middle Eastern ,no,no,United Arab Emirates,no,6,18 and more,Self,NO,0
IND422,0.005,0,0,Low Risk,0.5,0,0,0,0,0,0,0,1,0,0,0,27,m,Middle Eastern ,no,no,Afghanistan,no,1,18 and more,Self,NO,0
IND423,0.02,0,0,Low Risk,2.0,0,1,0,1,0,0,1,0,1,0,0,23,f,Middle Eastern ,no,no,United Arab Emirates,no,4,18 and more,Self,NO,0
IND424,0.01,0,0,Low Risk,1.0,0,0,1,0,1,0,0,0,0,0,0,29,f,?,no,no,United Arab Emirates,no,2,18 and more,?,NO,0
IND425,0.035,0,0,Low Risk,3.5,0,1,1,1,1,0,0,1,0,0,0,23,m,Middle Eastern ,no,no,United Arab Emirates,no,5,18 and more,Self,NO,0
IND426,0.01,0,0,Low Risk,1.0,0,1,0,0,0,0,0,1,1,0,1,23,m,Turkish,no,no,United Arab Emirates,no,4,18 and more,Others,NO,0
IND427,0.685,1,1,Medium Risk,68.5,2,1,0,1,1,1,1,0,1,1,1,24,m,Asian,no,yes,India,no,8,18 and more,Self,YES,1
IND428,0.005,0,0,Low Risk,0.5,0,1,0,0,1,0,0,1,1,0,0,21,m,?,no,no,Jordan,no,4,18 and more,?,NO,0
IND429,0.03,0,0,Low Risk,3.0,0,0,0,0,0,1,0,1,0,0,0,20,f,?,no,no,Brazil,yes,2,18 and more,?,NO,0
IND430,0.355,0,0,Medium Risk,35.5,2,1,0,1,0,1,0,1,1,1,0,20,m,?,no,no,Jordan,no,6,18 and more,?,NO,0
IND431,0.995,1,1,High Risk,99.5,5,1,1,1,1,1,1,1,0,1,1,32,f,Black,no,no,France,no,9,18 and more,Parent,YES,0
IND432,1.0,1,1,High Risk,100.0,5,1,1,1,1,1,1,1,1,1,1,61,m,White-European,yes,yes,Uruguay,no,10,18 and more,Self,YES,1
IND433,0.01,0,0,Low Risk,1.0,0,1,0,0,1,1,0,0,0,0,0,19,m,?,no,no,Jordan,no,3,18 and more,?,NO,0
IND434,0.985,1,1,High Risk,98.5,5,1,1,1,1,1,1,0,1,1,0,35,f,White-European,no,no,Italy,no,8,18 and more,Self,YES,0
IND435,0.205,0,0,Low Risk,20.5,0,1,0,0,0,0,1,0,0,0,1,34,f,White-European,no,no,Ukraine,yes,3,18 and more,Self,NO,0
IND436,0.025,0,0,Low Risk,2.5,0,0,0,1,1,0,0,0,0,0,0,23,f,Middle Eastern ,no,no,United Arab Emirates,yes,2,18 and more,Self,NO,0
IND437,0.08,0,0,Low Risk,8.0,0,1,1,1,1,0,0,0,0,0,1,19,f,White-European,no,no,Serbia,no,5,18 and more,Self,NO,0
IND438,0.18,0,0,Low Risk,18.0,0,1,1,0,0,1,1,0,1,0,1,36,f,Others,no,no,Philippines,no,6,18 and more,Parent,NO,0
IND439,0.0,0,0,Low Risk,0.0,0,1,1,0,0,0,0,0,1,0,1,21,f,?,no,no,Jordan,no,4,18 and more,?,NO,0
IND440,0.015,0,0,Low Risk,1.5,0,0,1,0,0,0,0,0,1,0,0,23,m,White-European,no,no,United States,no,2,18 and more,Self,NO,0
IND441,0.155,0,0,Low Risk,15.5,0,1,0,1,1,1,0,1,0,0,1,17,m,Black,no,no,United States,no,6,18 and more,Relative,NO,0
IND442,0.005,0,0,Low Risk,0.5,0,1,0,1,0,0,0,0,0,0,0,22,m,White-European,no,no,Portugal,no,2,18 and more,Self,NO,0
IND443,0.21,0,0,Low Risk,21.0,0,0,1,1,1,1,0,1,0,0,1,33,m,White-European,no,yes,Australia,no,6,18 and more,Relative,NO,0
IND444,0.495,0,1,Medium Risk,49.5,2,1,1,1,1,1,0,0,1,0,1,23,f,Asian,no,no,Malaysia,no,7,18 and more,Self,YES,1
IND445,0.945,1,1,High Risk,94.5,5,0,1,1,1,1,1,0,1,0,1,35,f,White-European,no,yes,Sweden,no,7,18 and more,Self,YES,0
IND446,0.075,0,0,Low Risk,7.5,0,1,0,0,0,0,0,0,1,0,1,21,m,White-European,no,yes,Australia,no,3,18 and more,Self,NO,0
IND447,0.965,1,1,High Risk,96.5,5,1,0,0,1,1,0,1,1,1,1,20,f,White-European,no,no,Austria,no,7,18 and more,Self,YES,0
IND448,0.015,0,0,Low Risk,1.5,0,1,0,0,0,0,0,0,1,0,0,29,m,White-European,no,no,Netherlands,no,2,18 and more,Health care professional,NO,0
IND449,0.99,1,1,High Risk,99.0,5,1,1,1,1,1,1,1,0,1,1,59,m,White-European,no,no,United States,no,9,18 and more,Self,YES,0
IND450,0.095,0,0,Low Risk,9.5,0,1,1,1,0,0,0,0,1,0,1,18,f,White-European,no,no,Netherlands,no,5,18 and more,Self,NO,0
IND451,0.0,0,0,Low Risk,0.0,0,1,1,0,0,0,0,0,1,0,0,19,f,Middle Eastern ,no,no,United Arab Emirates,no,3,18 and more,Self,NO,0
IND452,0.025,0,0,Low Risk,2.5,0,0,0,1,1,0,0,0,1,0,0,24,m,Middle Eastern ,no,no,United Arab Emirates,no,3,18 and more,Self,NO,0
IND453,0.94,1,1,High Risk,94.0,5,1,1,1,1,1,0,0,1,1,0,36,f,White-European,no,no,Italy,no,7,18 and more,Self,YES,0
IND454,0.185,0,0,Low Risk,18.5,0,0,0,1,1,1,0,0,0,0,1,19,f,?,yes,no,Jordan,no,4,18 and more,?,NO,0
IND455,0.04,0,0,Low Risk,4.0,0,1,1,0,0,0,0,1,0,0,0,17,f,Black,no,no,United Arab Emirates,no,3,18 and more,Self,NO,0
IND456,0.02,0,0,Low Risk,2.0,0,1,0,0,0,0,0,0,1,0,1,52,m,White-European,yes,no,United Kingdom,no,3,18 and more,Self,NO,0
IND457,0.025,0,0,Low Risk,2.5,0,1,1,0,1,1,0,0,0,0,0,18,m,Middle Eastern ,no,no,United Arab Emirates,no,4,18 and more,Self,NO,0
IND458,0.0,0,0,Low Risk,0.0,0,0,0,0,0,0,0,1,0,0,0,30,m,Asian,no,no,Philippines,no,1,18 and more,Self,NO,0
IND459,0.915,1,1,High Risk,91.5,5,0,1,1,1,1,1,0,1,1,1,18,m,Middle Eastern ,yes,no,New Zealand,no,8,18 and more,Self,YES,0
IND460,0.14,0,0,Low Risk,14.0,0,1,1,1,1,1,0,0,1,0,0,27,m,Latino,no,no,Ecuador,no,6,18 and more,Self,NO,0
IND461,0.005,0,0,Low Risk,0.5,0,0,0,0,1,0,0,0,0,0,0,52,f,White-European,no,no,United Kingdom,no,1,18 and more,Self,NO,0
IND462,0.0,0,0,Low Risk,0.0,0,0,0,0,0,0,0,0,1,0,0,45,f,Asian,no,no,Viet Nam,no,1,18 and more,Self,NO,0
IND463,0.225,0,0,Low Risk,22.5,0,0,1,1,1,1,1,0,0,1,0,25,f,Others,no,no,Afghanistan,no,6,18 and more,Health care professional,NO,0
IND464,0.015,0,0,Low Risk,1.5,0,0,0,0,1,0,0,1,0,0,1,29,f,White-European,no,no,United Kingdom,no,3,18 and more,Self,NO,0
IND465,0.985,1,1,High Risk,98.5,5,1,1,0,1,1,1,1,1,0,1,29,f,White-European,yes,no,United States,no,8,18 and more,Self,YES,0
IND466,0.075,0,0,Low Risk,7.5,0,1,0,0,0,0,1,0,0,0,1,18,m,White-European,no,yes,Netherlands,no,3,18 and more,Self,NO,0
IND467,0.905,1,1,High Risk,90.5,5,0,0,1,1,0,1,1,1,1,1,18,m,White-European,no,no,Netherlands,no,7,18 and more,Relative,YES,0
IND468,0.14,0,0,Low Risk,14.0,0,1,0,1,1,0,1,0,0,0,1,17,m,White-European,no,no,Netherlands,no,5,18 and more,Relative,NO,0
IND469,0.995,1,1,High Risk,99.5,5,1,1,1,1,1,1,1,1,1,1,27,f,Asian,no,no,United States,no,10,18 and more,Self,YES,1
IND470,0.01,0,0,Low Risk,1.0,0,0,0,0,0,0,0,0,1,0,0,22,f,Asian,yes,no,Malaysia,no,1,18 and more,Self,NO,0
IND471,0.03,0,0,Low Risk,3.0,0,0,0,0,0,0,1,0,1,1,0,23,m,Asian,no,no,India,no,3,18 and more,Self,NO,0
IND472,0.21,0,1,Low Risk,21.0,0,1,1,1,1,1,0,1,1,0,0,25,m,Latino,no,no,United Kingdom,no,7,18 and more,Self,YES,0
IND473,0.025,0,0,Low Risk,2.5,0,1,0,1,1,1,0,0,0,0,0,23,f,South Asian,no,no,New Zealand,no,4,18 and more,Self,NO,0
IND474,0.0,0,0,Low Risk,0.0,0,1,0,0,0,0,0,0,1,0,1,29,m,Asian,no,no,India,no,3,18 and more,Self,NO,0
IND475,0.015,0,0,Low Risk,1.5,0,1,0,0,1,1,0,1,0,0,0,27,f,Asian,no,no,Sri Lanka,no,4,18 and more,Self,NO,0
IND476,0.02,0,0,Low Risk,2.0,0,1,0,0,0,0,1,0,1,0,0,27,f,Asian,no,no,India,no,3,18 and more,Self,NO,0
IND477,0.0,0,0,Low Risk,0.0,0,0,0,0,0,0,0,0,0,0,0,43,f,South Asian,no,no,India,no,0,18 and more,Parent,NO,0
IND478,0.0,0,0,Low Risk,0.0,0,1,0,0,0,0,0,0,1,0,0,26,f,Asian,no,no,India,no,2,18 and more,Self,NO,0
IND479,0.015,0,0,Low Risk,1.5,0,1,0,0,0,1,0,0,1,0,1,30,f,Asian,no,no,India,no,4,18 and more,Self,NO,0
IND480,0.0,0,0,Low Risk,0.0,0,0,0,0,0,0,0,0,1,0,0,23,m,White-European,no,no,India,no,1,18 and more,Self,NO,0
IND481,0.005,0,0,Low Risk,0.5,0,1,0,0,0,1,0,1,1,0,0,29,f,Asian,no,no,Sri Lanka,no,4,18 and more,Self,NO,0
IND482,0.005,0,0,Low Risk,0.5,0,0,0,0,0,0,0,0,1,0,1,37,m,White-European,no,no,United Kingdom,no,2,18 and more,Parent,NO,0
IND483,0.0,0,0,Low Risk,0.0,0,0,0,0,0,0,0,1,0,0,1,28,f,White-European,no,no,United Kingdom,no,2,18 and more,Self,NO,0
IND484,0.065,0,0,Low Risk,6.5,0,1,1,1,1,0,0,1,1,0,0,25,m,South Asian,no,no,United States,no,6,18 and more,Self,NO,0
IND485,0.055,0,0,Low Risk,5.5,0,1,0,1,1,0,0,1,1,0,0,25,m,Others,no,no,India,no,5,18 and more,Self,NO,0
IND486,0.05,0,0,Low Risk,5.0,0,0,1,0,0,0,0,0,1,1,0,21,m,?,no,no,Jordan,no,3,18 and more,?,NO,0
IND487,0.985,1,1,High Risk,98.5,5,1,1,1,1,1,1,1,0,1,1,43,m,White-European,no,no,United Kingdom,no,9,18 and more,Self,YES,0
IND488,0.94,1,1,High Risk,94.0,5,1,1,0,1,1,1,0,0,1,1,30,f,White-European,no,no,United States,no,7,18 and more,Self,YES,0
IND489,0.105,0,0,Low Risk,10.5,0,0,1,1,0,0,0,1,0,0,1,18,m,Black,no,no,Niger,no,4,18 and more,Self,NO,0
IND490,0.055,0,0,Low Risk,5.5,0,1,1,1,1,0,0,0,1,0,0,18,f,White-European,no,no,Romania,no,5,18 and more,Self,NO,0
IND491,0.915,1,1,High Risk,91.5,5,1,1,1,1,0,0,1,1,1,0,30,m,Others,no,no,Canada,no,7,18 and more,Self,YES,0
IND492,0.0,0,0,Low Risk,0.0,0,0,0,0,0,0,0,0,0,0,0,31,f,White-European,no,no,Germany,no,0,18 and more,Self,NO,0
IND493,0.115,0,0,Low Risk,11.5,0,1,0,0,0,1,0,1,1,0,1,33,m,Latino,no,no,Mexico,no,5,18 and more,Self,NO,0
IND494,0.995,1,1,High Risk,99.5,5,1,1,1,1,1,1,1,1,1,1,33,m,Latino,no,no,Mexico,no,10,18 and more,Self,YES,1
IND495,0.07,0,0,Low Risk,7.0,0,1,1,1,1,0,0,1,0,0,1,26,m,White-European,no,no,United Kingdom,no,6,18 and more,Self,NO,0
IND496,0.01,0,0,Low Risk,1.0,0,1,0,1,1,0,0,0,0,0,0,61,f,White-European,no,no,United States,no,3,18 and more,Self,NO,0
IND497,0.01,0,0,Low Risk,1.0,0,0,0,0,1,0,0,0,1,0,1,46,m,Others,no,no,Viet Nam,no,3,18 and more,Self,NO,0
IND498,0.94,1,1,High Risk,94.0,5,0,1,1,1,1,1,1,0,1,1,33,m,Asian,no,no,India,no,8,18 and more,Self,YES,0
IND499,0.705,1,1,High Risk,70.5,5,1,1,1,1,1,0,1,1,0,1,38,f,Black,no,no,Canada,no,8,18 and more,Self,YES,0
IND500,0.015,0,0,Low Risk,1.5,0,1,1,0,0,0,0,0,1,0,0,44,m,Black,no,no,France,no,3,18 and more,Parent,NO,0
IND501,0.255,0,0,Low Risk,25.5,0,0,1,1,1,1,0,0,0,1,0,48,f,Black,no,yes,France,no,5,18 and more,Parent,NO,0
IND502,0.98,1,1,High Risk,98.0,5,1,1,0,1,1,1,0,1,1,1,42,f,Latino,yes,no,Mexico,no,8,18 and more,Self,YES,0
IND503,0.07,0,0,Low Risk,7.0,0,0,1,0,0,1,0,1,1,0,0,37,m,White-European,no,no,Belgium,no,4,18 and more,Self,NO,0
IND504,0.31,0,0,Medium Risk,31.0,2,1,0,1,1,1,0,0,1,0,1,23,f,White-European,no,yes,United Kingdom,no,6,18 and more,Self,NO,0
IND505,0.97,1,1,High Risk,97.0,5,1,0,1,1,1,0,1,1,1,1,24,m,White-European,no,yes,United Kingdom,no,8,18 and more,Relative,YES,0
IND506,0.21,0,0,Low Risk,21.0,0,1,0,1,0,1,0,1,1,0,1,41,m,?,yes,yes,United Kingdom,no,6,18 and more,?,NO,0
IND507,0.02,0,0,Low Risk,2.0,0,1,0,1,0,0,0,1,0,0,1,41,m,Asian,no,no,United Kingdom,no,4,18 and more,Self,NO,0
IND508,0.125,0,0,Low Risk,12.5,0,0,1,1,0,1,0,0,1,0,0,27,m,White-European,no,no,Belgium,no,4,18 and more,Self,NO,0
IND509,1.0,1,1,High Risk,100.0,5,1,1,1,1,1,1,1,1,1,1,46,f,White-European,yes,yes,United Kingdom,no,10,18 and more,Self,YES,1
IND510,0.005,0,0,Low Risk,0.5,0,0,1,0,0,0,0,0,0,0,1,40,f,White-European,yes,no,United States,no,2,18 and more,Self,NO,0
IND511,0.955,1,1,High Risk,95.5,5,0,1,1,1,1,1,1,1,0,1,22,f,White-European,no,no,United States,no,8,18 and more,Self,YES,0
IND512,0.99,1,1,High Risk,99.0,5,1,1,1,1,1,1,1,0,1,1,42,m,White-European,no,no,United Kingdom,no,9,18 and more,Self,YES,0
IND513,0.04,0,0,Low Risk,4.0,0,1,1,1,0,0,0,0,0,0,1,18,f,Asian,no,no,Viet Nam,no,4,18 and more,Self,NO,0
IND514,0.01,0,0,Low Risk,1.0,0,1,0,1,1,0,0,0,0,0,0,44,f,White-European,no,no,United Kingdom,no,3,18 and more,Self,NO,0
IND515,0.995,1,1,High Risk,99.5,5,1,1,1,1,1,0,1,1,1,1,30,f,White-European,no,no,United States,no,9,18 and more,Self,YES,1
IND516,1.0,1,1,High Risk,100.0,5,1,1,1,1,1,1,0,1,1,1,42,m,White-European,no,no,Australia,no,9,18 and more,Self,YES,1
IND517,0.125,0,0,Low Risk,12.5,0,1,1,0,1,0,0,1,0,0,0,35,f,White-European,no,yes,United States,no,4,18 and more,Parent,NO,0
IND518,0.965,1,1,High Risk,96.5,5,1,0,1,1,1,0,1,0,1,1,40,m,Black,no,no,AmericanSamoa,no,7,18 and more,Self,YES,0
IND519,0.045,0,0,Low Risk,4.5,0,0,1,0,0,0,0,0,0,1,1,50,f,?,no,no,New Zealand,no,3,18 and more,?,NO,0
IND520,0.01,0,0,Low Risk,1.0,0,0,0,1,1,0,0,0,0,0,1,38,m,Middle Eastern ,no,no,Egypt,no,3,18 and more,Self,NO,0
IND521,1.0,1,1,High Risk,100.0,5,1,1,1,1,1,0,0,1,1,1,26,f,White-European,no,yes,Italy,no,8,18 and more,Self,YES,1
IND522,0.655,1,1,Medium Risk,65.5,2,1,1,1,1,1,0,0,1,0,1,27,f,White-European,no,no,Malaysia,no,7,18 and more,Self,YES,1
IND523,0.955,1,1,High Risk,95.5,5,1,1,1,1,1,0,1,0,1,0,47,f,White-European,yes,yes,United States,no,7,18 and more,Self,YES,0
IND524,0.21,0,0,Low Risk,21.0,0,1,1,0,1,1,1,0,0,0,1,21,m,Black,yes,yes,United States,no,6,18 and more,Parent,NO,0
IND525,0.945,1,1,High Risk,94.5,5,1,1,1,1,0,1,0,1,1,1,37,m,White-European,no,no,United Kingdom,no,8,18 and more,Self,YES,0
IND526,0.035,0,0,Low Risk,3.5,0,1,0,0,0,0,0,1,1,0,1,19,f,Others,no,no,United Kingdom,no,4,18 and more,Self,NO,0
IND527,0.04,0,0,Low Risk,4.0,0,0,0,0,1,0,0,1,1,0,1,32,m,Asian,no,no,United Arab Emirates,no,4,18 and more,Self,NO,0
IND528,0.05,0,0,Low Risk,5.0,0,0,0,0,0,1,0,0,1,0,1,26,f,?,no,no,Iran,no,3,18 and more,?,NO,0
IND529,1.0,1,1,High Risk,100.0,5,1,1,1,1,1,1,1,1,1,1,46,f,White-European,yes,yes,Australia,no,10,18 and more,Self,YES,1
IND530,0.015,0,0,Low Risk,1.5,0,0,1,0,0,0,0,0,1,0,0,29,m,Black,no,no,France,no,2,18 and more,Self,NO,0
IND531,0.025,0,0,Low Risk,2.5,0,1,0,0,0,1,0,0,0,0,0,30,f,Black,no,no,France,no,2,18 and more,Self,NO,0
IND532,0.02,0,0,Low Risk,2.0,0,1,1,0,0,0,0,1,1,0,0,32,f,Latino,no,no,Bolivia,no,4,18 and more,Relative,NO,0
IND533,0.045,0,0,Low Risk,4.5,0,0,1,1,1,0,0,0,0,0,1,35,f,White-European,yes,no,United States,no,4,18 and more,Self,NO,0
IND534,0.975,1,1,High Risk,97.5,5,0,1,1,1,1,1,1,1,1,1,22,m,White-European,no,no,United Kingdom,no,9,18 and more,Self,YES,0
IND535,0.09,0,0,Low Risk,9.0,0,0,0,0,1,1,0,1,0,0,1,19,f,?,no,no,Iran,no,4,18 and more,?,NO,0
IND536,0.035,0,0,Low Risk,3.5,0,0,1,0,0,1,0,0,0,0,1,24,m,?,no,no,Iran,no,3,18 and more,?,NO,0
IND537,0.01,0,0,Low Risk,1.0,0,0,1,0,0,1,0,0,0,0,0,52,f,?,no,no,Iran,no,2,18 and more,?,NO,0
IND538,0.155,0,0,Low Risk,15.5,0,0,1,0,0,1,1,0,0,1,1,52,m,?,no,no,Iran,no,5,18 and more,?,NO,0
IND539,0.12,0,0,Low Risk,12.0,0,1,0,1,0,0,1,0,1,0,0,32,f,White-European,no,no,United States,no,4,18 and more,Self,NO,0
IND540,0.23,0,0,Low Risk,23.0,0,0,1,1,1,1,1,0,0,0,1,24,m,White-European,no,no,United States,no,6,18 and more,Relative,NO,0
IND541,0.89,1,1,High Risk,89.0,5,1,1,1,1,1,1,0,1,1,1,24,m,White-European,no,no,United States,no,9,18 and more,Relative,YES,0
IND542,0.01,0,0,Low Risk,1.0,0,0,1,0,0,0,0,0,0,0,0,49,f,Middle Eastern ,yes,no,New Zealand,no,1,18 and more,Parent,NO,0
IND543,0.99,1,1,High Risk,99.0,5,0,1,1,1,1,1,1,1,1,1,30,f,Asian,no,no,Malaysia,no,9,18 and more,Self,YES,0
IND544,0.995,1,1,High Risk,99.5,5,0,1,1,1,1,1,1,1,1,1,30,f,Asian,no,yes,Malaysia,yes,9,18 and more,Self,YES,1
IND545,0.995,1,1,High Risk,99.5,5,1,0,1,1,1,1,1,1,1,1,35,f,White-European,yes,no,United Kingdom,no,9,18 and more,Self,YES,1
IND546,0.93,1,1,High Risk,93.0,5,1,0,1,1,1,1,1,0,0,1,35,f,White-European,yes,no,United Kingdom,no,7,18 and more,Self,YES,0
IND547,0.02,0,0,Low Risk,2.0,0,1,0,1,1,0,0,0,0,0,1,37,f,White-European,no,yes,United Kingdom,no,4,18 and more,Self,NO,0
IND548,0.065,0,0,Low Risk,6.5,0,0,1,1,1,0,0,0,1,0,1,43,m,White-European,no,no,United Kingdom,no,5,18 and more,Self,NO,0
IND549,0.03,0,0,Low Risk,3.0,0,1,1,1,1,0,0,1,0,0,1,52,m,White-European,no,no,United Kingdom,no,6,18 and more,Self,NO,0
IND550,1.0,1,1,High Risk,100.0,5,1,1,1,1,1,1,1,1,1,1,44,m,White-European,no,yes,United Kingdom,no,10,18 and more,Self,YES,1
IND551,0.0,0,0,Low Risk,0.0,0,1,1,0,0,0,0,0,0,0,0,46,f,White-European,no,yes,United Kingdom,no,2,18 and more,Self,NO,0
IND552,0.035,0,0,Low Risk,3.5,0,1,0,0,0,1,0,0,0,0,1,42,f,White-European,no,yes,Australia,no,3,18 and more,Self,NO,0
IND553,0.01,0,0,Low Risk,1.0,0,0,0,1,0,0,0,0,0,0,0,20,m,Asian,no,no,Aruba,no,1,18 and more,Self,NO,0
IND554,0.535,1,1,Medium Risk,53.5,2,1,1,1,0,1,0,1,0,1,1,18,m,Middle Eastern ,no,no,New Zealand,no,7,18 and more,Self,YES,1
IND555,0.985,1,1,High Risk,98.5,5,1,1,1,1,1,1,0,1,1,1,38,m,White-European,no,no,Finland,no,9,18 and more,Relative,YES,0
IND556,0.18,0,0,Low Risk,18.0,0,1,0,0,1,1,0,0,1,0,0,24,f,Latino,no,yes,Mexico,no,4,18 and more,Self,NO,0
IND557,0.0,0,0,Low Risk,0.0,0,1,1,0,0,0,0,0,1,0,0,32,m,?,no,no,Jordan,no,3,18 and more,?,NO,0
IND558,0.04,0,0,Low Risk,4.0,0,1,1,0,1,1,0,0,0,0,0,29,m,Turkish,no,no,United States,no,4,18 and more,Self,NO,0
IND559,1.0,1,1,High Risk,100.0,5,1,1,1,1,1,1,1,1,0,1,22,f,White-European,no,no,United States,no,9,18 and more,Self,YES,1
IND560,0.29,0,0,Low Risk,29.0,0,0,1,1,1,1,1,0,0,0,1,19,f,White-European,yes,no,United Kingdom,no,6,18 and more,Self,NO,0
IND561,0.995,1,1,High Risk,99.5,5,1,1,1,1,1,1,1,0,1,1,39,f,White-European,no,yes,United States,no,9,18 and more,Self,YES,1
IND562,0.97,1,1,High Risk,97.0,5,1,0,0,1,1,1,1,1,1,1,17,m,Black,no,no,United States,no,8,18 and more,Self,YES,0
IND563,0.17,0,0,Low Risk,17.0,0,0,1,0,1,0,1,1,0,1,1,19,f,Middle Eastern ,no,no,Iceland,no,6,18 and more,Parent,NO,0
IND564,0.12,0,0,Low Risk,12.0,0,1,0,0,0,0,0,1,1,1,0,18,m,White-European,no,no,Australia,no,4,18 and more,Parent,NO,0
IND565,0.16,0,0,Low Risk,16.0,0,0,1,0,0,1,1,0,0,1,0,19,m,?,no,no,Kazakhstan,yes,4,18 and more,?,NO,0
IND566,0.0,0,0,Low Risk,0.0,0,0,1,0,0,0,0,0,1,0,0,28,f,Turkish,no,no,Turkey,no,2,18 and more,Self,NO,0
IND567,0.035,0,0,Low Risk,3.5,0,0,1,0,1,0,1,0,0,0,1,29,m,Asian,no,no,New Zealand,no,4,18 and more,Self,NO,0
IND568,0.01,0,0,Low Risk,1.0,0,1,1,0,0,0,0,1,1,0,0,48,m,White-European,no,no,Australia,no,4,18 and more,Self,NO,0
IND569,0.99,1,1,High Risk,99.0,5,1,1,1,1,1,1,0,1,1,1,27,f,White-European,yes,yes,Netherlands,no,9,18 and more,Self,YES,0
IND570,0.0,0,0,Low Risk,0.0,0,1,0,1,1,0,0,0,0,0,0,34,f,White-European,no,no,United Kingdom,no,3,18 and more,Self,NO,0
IND571,0.04,0,0,Low Risk,4.0,0,1,1,0,1,0,0,0,0,0,1,31,m,White-European,no,no,Australia,no,4,18 and more,Self,NO,0
IND572,0.0,0,0,Low Risk,0.0,0,1,0,0,0,0,0,0,1,0,1,47,m,?,no,no,Jordan,no,3,18 and more,?,NO,0
IND573,0.02,0,0,Low Risk,2.0,0,1,0,0,1,0,0,0,1,0,0,47,m,?,no,no,Jordan,no,3,18 and more,?,NO,0
IND574,1.0,1,1,High Risk,100.0,5,1,1,1,1,1,1,1,1,1,1,44,m,White-European,no,yes,United Kingdom,no,10,18 and more,Self,YES,1
IND575,0.09,0,0,Low Risk,9.0,0,1,0,0,0,1,0,1,1,0,0,25,f,White-European,no,no,United States,no,4,18 and more,Self,NO,0
IND576,0.09,0,0,Low Risk,9.0,0,1,0,0,0,1,0,1,1,0,0,25,f,White-European,no,no,United States,no,4,18 and more,Self,NO,0
IND577,0.975,1,1,High Risk,97.5,5,1,1,0,0,1,1,1,1,1,1,20,m,White-European,no,no,United Kingdom,no,8,18 and more,Self,YES,0
IND578,1.0,1,1,High Risk,100.0,5,1,1,1,1,1,0,1,1,1,1,43,m,White-European,yes,no,New Zealand,no,9,18 and more,Self,YES,1
IND579,1.0,1,1,High Risk,100.0,5,1,1,1,1,1,0,0,1,1,1,36,f,White-European,no,yes,United Kingdom,no,8,18 and more,Self,YES,1
IND580,0.01,0,0,Low Risk,1.0,0,1,1,0,0,0,0,0,1,0,0,30,f,Asian,no,yes,United States,no,3,18 and more,Self,NO,0
IND581,0.035,0,0,Low Risk,3.5,0,0,0,1,1,0,0,0,0,0,0,44,m,Black,no,no,United Kingdom,no,2,18 and more,Self,NO,0
IND582,0.06,0,0,Low Risk,6.0,0,1,1,0,0,1,0,0,0,0,1,40,f,Black,no,no,United Kingdom,no,4,18 and more,Parent,NO,0
IND583,0.315,0,0,Medium Risk,31.5,2,1,1,0,0,1,1,0,1,1,0,40,f,Black,yes,no,United Kingdom,no,6,18 and more,Relative,NO,0
IND584,0.57,1,1,Medium Risk,57.0,2,1,1,0,1,1,1,0,1,1,0,40,f,Black,yes,yes,United Kingdom,no,7,18 and more,Relative,YES,1
IND585,0.71,1,1,High Risk,71.0,5,1,1,1,1,1,0,0,1,0,1,30,m,Others,no,no,United States,no,7,18 and more,Self,YES,0
IND586,0.075,0,0,Low Risk,7.5,0,1,0,1,1,0,0,1,0,0,1,47,f,White-European,no,no,United Kingdom,no,5,18 and more,Self,NO,0
IND587,0.995,1,1,High Risk,99.5,5,1,1,1,1,1,1,1,1,1,1,21,m,Black,no,no,Brazil,no,10,18 and more,Self,YES,1
IND588,0.91,1,1,High Risk,91.0,5,1,1,1,1,1,1,0,1,1,1,21,m,Black,no,no,Brazil,no,9,18 and more,Self,YES,0
IND589,0.975,1,1,High Risk,97.5,5,1,0,1,1,1,1,1,1,1,1,31,f,?,no,no,New Zealand,no,9,18 and more,?,YES,0
IND590,0.0,0,0,Low Risk,0.0,0,1,1,1,0,0,0,0,0,0,0,21,f,Asian,no,no,New Zealand,no,3,18 and more,Self,NO,0
IND591,0.335,0,0,Medium Risk,33.5,2,0,1,1,1,0,0,0,1,1,0,29,f,Asian,no,no,United States,no,5,18 and more,Self,NO,0
IND592,0.17,0,0,Low Risk,17.0,0,0,1,1,1,1,0,1,0,1,0,22,m,Middle Eastern ,no,no,Afghanistan,no,6,18 and more,Self,NO,0
IND593,0.995,1,1,High Risk,99.5,5,1,1,1,1,1,1,1,1,1,1,51,m,White-European,yes,no,United Kingdom,no,10,18 and more,Self,YES,1
IND594,0.02,0,0,Low Risk,2.0,0,1,0,0,0,0,0,0,0,0,0,23,m,?,no,no,Russia,no,1,18 and more,?,NO,0
IND595,0.075,0,0,Low Risk,7.5,0,1,0,0,0,1,0,0,0,1,1,30,m,Asian,no,no,India,no,4,18 and more,Self,NO,0
IND596,0.01,0,0,Low Risk,1.0,0,1,1,0,0,0,0,0,1,0,0,22,m,Others,no,no,India,no,3,18 and more,Self,NO,0
IND597,0.035,0,0,Low Risk,3.5,0,1,1,0,0,0,0,0,1,0,1,22,m,Asian,no,no,New Zealand,no,4,18 and more,Self,NO,0
IND598,0.01,0,0,Low Risk,1.0,0,1,0,0,0,1,0,1,1,0,1,24,m,Asian,no,no,India,no,5,18 and more,Self,NO,0
IND599,0.0,0,0,Low Risk,0.0,0,1,0,0,0,0,0,0,1,0,1,26,f,South Asian,no,no,India,no,3,18 and more,Self,NO,0
IND600,0.36,0,0,Medium Risk,36.0,2,1,0,1,1,0,0,0,1,1,1,33,f,Asian,no,no,India,no,6,18 and more,Parent,NO,0
IND601,0.01,0,0,Low Risk,1.0,0,1,0,0,0,0,0,0,1,1,0,23,m,Asian,no,no,India,no,3,18 and more,Self,NO,0
IND602,0.025,0,0,Low Risk,2.5,0,1,0,1,0,0,0,0,1,0,0,42,f,Asian,no,no,India,no,3,18 and more,Self,NO,0
IND603,0.0,0,0,Low Risk,0.0,0,1,0,1,0,0,0,0,0,0,0,26,f,Asian,no,no,India,no,2,18 and more,Self,NO,0
IND604,0.0,0,0,Low Risk,0.0,0,1,0,0,0,0,0,0,1,0,0,29,f,Asian,no,no,New Zealand,no,2,18 and more,Self,NO,0
IND605,0.01,0,0,Low Risk,1.0,0,1,0,0,0,0,0,1,0,0,1,35,f,Asian,no,no,India,no,3,18 and more,Self,NO,0
IND606,0.045,0,0,Low Risk,4.5,0,1,0,0,0,1,1,0,1,0,0,25,f,South Asian,no,no,India,no,4,18 and more,Self,NO,0
IND607,0.0,0,0,Low Risk,0.0,0,1,0,0,0,0,0,1,1,0,0,25,m,Asian,no,no,Sri Lanka,no,3,18 and more,Self,NO,0
IND608,0.005,0,0,Low Risk,0.5,0,0,0,0,0,0,0,0,1,0,0,28,f,Asian,yes,no,India,no,1,18 and more,Self,NO,0
IND609,0.0,0,0,Low Risk,0.0,0,1,0,0,0,0,0,0,0,0,0,33,m,White-European,no,no,Germany,no,1,18 and more,Self,NO,0
IND610,0.01,0,0,Low Risk,1.0,0,1,0,0,1,0,0,1,1,0,0,25,m,Asian,no,no,India,no,4,18 and more,Self,NO,0
IND611,0.14,0,0,Low Risk,14.0,0,0,0,1,0,1,1,0,1,0,1,25,m,Asian,no,no,India,no,5,18 and more,Self,NO,0
IND612,0.0,0,0,Low Risk,0.0,0,1,0,0,0,1,0,1,1,0,0,24,m,Asian,no,no,India,no,4,18 and more,Self,NO,0
IND613,0.06,0,0,Low Risk,6.0,0,1,1,1,1,0,0,0,0,0,1,27,f,South Asian,no,no,India,no,5,18 and more,Self,NO,0
IND614,0.0,0,0,Low Risk,0.0,0,1,0,0,0,0,0,0,0,0,0,22,m,South Asian,no,no,India,no,1,18 and more,Self,NO,0
IND615,0.075,0,0,Low Risk,7.5,0,1,1,0,1,0,0,0,1,0,1,21,f,South Asian,no,no,India,no,5,18 and more,Self,NO,0
IND616,0.31,0,0,Medium Risk,31.0,2,1,0,1,1,0,1,0,1,0,1,27,f,South Asian,no,no,India,no,6,18 and more,Self,NO,0
IND617,0.005,0,0,Low Risk,0.5,0,1,0,0,0,1,0,1,0,0,0,23,m,South Asian,no,no,India,no,3,18 and more,Self,NO,0
IND618,0.04,0,0,Low Risk,4.0,0,0,0,0,1,1,0,0,1,0,1,22,m,Asian,no,no,India,no,4,18 and more,Self,NO,0
IND619,0.0,0,0,Low Risk,0.0,0,0,1,0,0,0,0,0,0,0,1,23,f,South Asian,no,no,India,no,2,18 and more,Self,NO,0
IND620,0.03,0,0,Low Risk,3.0,0,1,0,0,1,0,0,0,1,0,1,30,m,Asian,no,no,India,no,4,18 and more,Self,NO,0
IND621,0.05,0,0,Low Risk,5.0,0,0,1,0,0,1,0,1,1,0,0,33,m,Asian,no,no,India,no,4,18 and more,Self,NO,0
IND622,0.54,1,1,Medium Risk,54.0,2,1,0,1,1,1,0,1,1,1,0,24,f,South Asian,no,no,India,no,7,18 and more,Self,YES,1
IND623,0.01,0,0,Low Risk,1.0,0,1,0,0,0,1,0,1,1,0,0,22,f,Asian,no,no,New Zealand,no,4,18 and more,Self,NO,0
IND624,0.9,1,1,High Risk,90.0,5,1,0,0,1,1,0,1,1,1,1,22,m,Asian,no,no,New Zealand,no,7,18 and more,Self,YES,0
IND625,0.0,0,0,Low Risk,0.0,0,1,0,0,0,0,0,0,1,0,1,29,f,South Asian,no,no,India,no,3,18 and more,Self,NO,0
IND626,0.055,0,0,Low Risk,5.5,0,1,0,1,0,1,0,1,1,0,1,22,f,Asian,no,no,India,no,6,18 and more,Self,NO,0
IND627,0.025,0,0,Low Risk,2.5,0,1,0,1,0,0,0,0,1,0,0,21,m,Asian,yes,no,India,no,3,18 and more,Self,NO,0
IND628,0.0,0,0,Low Risk,0.0,0,1,0,0,0,0,0,1,1,0,0,23,m,Asian,no,no,India,no,3,18 and more,Self,NO,0
IND629,0.055,0,0,Low Risk,5.5,0,1,0,0,0,1,0,1,1,0,1,23,f,Others,no,no,India,no,5,18 and more,Self,NO,0
IND630,0.24,0,0,Low Risk,24.0,0,1,0,0,0,1,0,1,1,1,1,23,f,Asian,no,no,India,no,6,18 and more,Self,NO,0
IND631,0.09,0,0,Low Risk,9.0,0,1,1,0,1,1,0,1,1,0,0,32,m,Asian,no,no,Sri Lanka,no,6,18 and more,Self,NO,0
IND632,0.0,0,0,Low Risk,0.0,0,0,0,0,0,0,0,1,0,0,1,27,m,Asian,no,no,Sri Lanka,no,2,18 and more,Self,NO,0
IND633,0.015,0,0,Low Risk,1.5,0,0,0,1,0,0,0,0,1,0,0,28,f,Asian,no,no,India,no,2,18 and more,Parent,NO,0
IND634,0.185,0,0,Low Risk,18.5,0,1,1,0,0,1,0,0,1,1,1,25,f,Middle Eastern ,no,no,India,no,6,18 and more,Self,NO,0
IND635,0.555,1,1,Medium Risk,55.5,2,1,0,1,0,1,0,1,1,1,1,22,m,Black,no,no,Nepal,no,7,18 and more,Self,YES,1
IND636,0.025,0,0,Low Risk,2.5,0,0,1,1,0,0,0,1,0,0,1,36,m,White-European,no,no,United Kingdom,no,4,18 and more,Self,NO,0
IND637,0.03,0,0,Low Risk,3.0,0,0,0,0,0,0,0,0,0,0,0,27,f,?,no,no,Russia,no,0,18 and more,?,NO,0
IND638,1.0,1,1,High Risk,100.0,5,1,1,1,1,1,1,1,1,1,1,21,f,White-European,no,no,Germany,no,10,18 and more,Self,YES,1
IND639,0.14,0,0,Low Risk,14.0,0,1,1,0,1,1,0,0,1,0,0,18,m,Black,no,no,United States,no,5,18 and more,Self,NO,0
IND640,0.645,1,1,Medium Risk,64.5,2,1,0,0,0,1,1,1,1,1,1,49,m,Black,no,no,Mexico,no,7,18 and more,Parent,YES,1
IND641,0.04,0,0,Low Risk,4.0,0,1,1,1,0,0,0,0,1,0,0,18,m,Asian,no,no,Indonesia,no,4,18 and more,Self,NO,0
IND642,0.675,1,1,Medium Risk,67.5,2,1,0,1,1,1,0,1,1,1,0,29,m,Latino,no,no,United States,no,7,18 and more,Self,YES,1
IND643,0.01,0,0,Low Risk,1.0,0,0,0,0,0,1,0,0,1,0,0,31,f,?,no,no,New Zealand,no,2,18 and more,?,NO,0
IND644,0.005,0,0,Low Risk,0.5,0,1,0,0,0,0,0,0,0,0,0,37,f,Middle Eastern ,no,no,New Zealand,no,1,18 and more,Parent,NO,0
IND645,0.15,0,0,Low Risk,15.0,0,1,0,1,1,1,0,0,1,0,1,17,m,Middle Eastern ,yes,no,New Zealand,no,6,18 and more,Parent,NO,0
IND646,0.915,1,1,High Risk,91.5,5,1,0,1,1,0,0,1,1,1,1,17,m,?,no,yes,New Zealand,no,7,18 and more,?,YES,0
IND647,0.005,0,0,Low Risk,0.5,0,1,1,1,1,0,0,0,0,0,0,38,f,Middle Eastern ,no,no,Jordan,no,4,18 and more,Self,NO,0
IND648,0.11,0,0,Low Risk,11.0,0,1,0,1,0,0,1,0,1,0,1,18,m,White-European,yes,no,Angola,no,5,18 and more,Parent,NO,0
IND649,0.045,0,0,Low Risk,4.5,0,1,0,1,1,1,0,0,0,0,0,31,f,Middle Eastern ,no,no,United Arab Emirates,no,4,18 and more,Self,NO,0
IND650,0.025,0,0,Low Risk,2.5,0,0,1,1,1,0,0,0,0,0,0,33,m,Middle Eastern ,yes,no,United Arab Emirates,yes,3,18 and more,Self,NO,0
IND651,0.01,0,0,Low Risk,1.0,0,1,1,0,0,0,0,0,0,0,0,32,f,Middle Eastern ,yes,no,Jordan,no,2,18 and more,Self,NO,0
IND652,0.03,0,0,Low Risk,3.0,0,1,0,0,0,0,0,1,0,0,1,30,m,?,yes,no,Jordan,no,3,18 and more,?,NO,0
IND653,0.0,0,0,Low Risk,0.0,0,0,0,0,0,0,0,0,0,0,1,33,f,?,no,no,United States,no,1,18 and more,?,NO,0
IND654,1.0,1,1,High Risk,100.0,5,1,1,1,1,1,1,1,1,1,1,30,f,White-European,no,yes,Canada,no,10,18 and more,Self,YES,1
IND655,1.0,1,1,High Risk,100.0,5,1,1,1,1,1,0,1,1,1,1,30,m,Asian,no,no,United States,no,9,18 and more,Self,YES,1
IND656,0.195,0,0,Low Risk,19.5,0,1,0,0,1,1,0,1,0,0,1,38,f,White-European,no,yes,United Kingdom,no,5,18 and more,Self,NO,0
IND657,0.225,0,0,Low Risk,22.5,0,1,0,0,0,1,0,1,0,1,1,22,m,Asian,no,no,India,no,5,18 and more,Self,NO,0
IND658,0.175,0,0,Low Risk,17.5,0,1,1,0,0,1,0,1,0,1,0,36,m,others,no,no,United States,no,5,18 and more,Self,NO,0
IND659,0.02,0,0,Low Risk,2.0,0,0,0,1,1,0,0,1,0,0,0,43,m,?,no,no,Azerbaijan,no,3,18 and more,?,NO,0
IND660,0.985,1,1,High Risk,98.5,5,1,1,1,1,1,1,0,0,1,1,44,m,?,no,no,Pakistan,no,8,18 and more,?,YES,0
IND661,0.96,1,1,High Risk,96.0,5,1,1,1,0,1,1,0,1,1,1,20,f,White-European,no,no,France,no,8,18 and more,Self,YES,0
IND662,0.93,1,1,High Risk,93.0,5,1,1,1,1,1,1,0,1,1,1,40,f,Others,yes,yes,Australia,no,9,18 and more,Self,YES,0
IND663,0.28,0,0,Low Risk,28.0,0,1,0,0,1,1,1,0,0,1,0,25,m,White-European,no,no,Italy,no,5,18 and more,Self,NO,0
IND664,0.005,0,0,Low Risk,0.5,0,1,0,0,0,0,0,1,1,0,1,28,m,White-European,no,no,Australia,no,4,18 and more,Self,NO,0
IND665,0.095,0,0,Low Risk,9.5,0,0,0,0,0,0,0,1,1,0,1,17,m,White-European,no,no,Canada,no,3,18 and more,Self,NO,0
IND666,0.99,1,1,High Risk,99.0,5,1,1,1,1,1,1,1,0,1,1,34,m,White-European,no,no,United States,no,9,18 and more,Self,YES,0
IND667,0.0,0,0,Low Risk,0.0,0,0,0,0,0,0,0,0,1,0,0,56,m,?,no,no,Iraq,no,1,18 and more,?,NO,0
IND668,0.02,0,0,Low Risk,2.0,0,0,0,1,0,0,0,1,1,0,0,50,f,Middle Eastern ,no,no,New Zealand,no,3,18 and more,Parent,NO,0
IND669,0.045,0,0,Low Risk,4.5,0,1,0,0,0,0,0,1,1,0,1,38,m,White-European,no,no,United States,no,4,18 and more,Self,NO,0
IND670,1.0,1,1,High Risk,100.0,5,1,1,1,1,1,1,1,1,1,1,47,m,White-European,no,no,United States,no,10,18 and more,Self,YES,1
IND671,1.0,1,1,High Risk,100.0,5,1,1,1,1,1,0,1,1,1,1,30,m,Others,no,no,United States,no,9,18 and more,Self,YES,1
IND672,0.92,1,1,High Risk,92.0,5,1,1,1,1,1,0,0,1,0,1,21,m,Hispanic,no,no,United States,no,7,18 and more,Self,YES,0
IND673,0.965,1,1,High Risk,96.5,5,1,1,1,1,1,0,1,1,0,1,21,m,White-European,no,no,Ireland,no,8,18 and more,Self,YES,0
IND674,0.95,1,1,High Risk,95.0,5,1,1,1,0,1,0,1,1,1,1,31,m,Latino,no,no,Mexico,no,8,18 and more,Self,YES,0
IND675,0.355,0,0,Medium Risk,35.5,2,1,1,0,0,1,1,0,1,0,1,27,f,White-European,yes,no,Czech Republic,no,6,18 and more,Self,NO,0
IND676,0.18,0,0,Low Risk,18.0,0,1,1,1,1,0,0,0,0,1,0,24,f,White-European,yes,no,United States,no,5,18 and more,Self,NO,0
IND677,0.065,0,0,Low Risk,6.5,0,1,1,0,0,0,0,1,0,0,1,35,m,White-European,yes,no,United Kingdom,no,4,18 and more,Parent,NO,0
IND678,0.03,0,0,Low Risk,3.0,0,1,0,0,0,0,0,1,0,0,1,18,m,Black,no,no,Ethiopia,no,3,18 and more,Health care professional,NO,0
IND679,0.975,1,1,High Risk,97.5,5,1,1,1,1,1,0,0,1,1,1,43,f,Black,no,no,United States,no,8,18 and more,Self,YES,0
IND680,0.97,1,1,High Risk,97.0,5,1,1,1,1,1,1,1,1,1,1,44,m,White-European,no,yes,Afghanistan,no,10,18 and more,Self,YES,0
IND681,1.0,1,1,High Risk,100.0,5,1,1,1,1,1,1,1,1,1,1,40,m,White-European,yes,yes,United Kingdom,no,10,18 and more,Parent,YES,1
IND682,0.985,1,1,High Risk,98.5,5,1,1,0,1,1,1,1,1,1,1,49,f,Hispanic,no,no,United States,no,9,18 and more,Self,YES,0
IND683,0.075,0,0,Low Risk,7.5,0,1,1,0,0,0,0,0,1,0,0,24,m,Hispanic,no,no,United States,no,3,18 and more,Self,NO,0
IND684,0.1,0,0,Low Risk,10.0,0,1,1,0,0,0,0,0,1,1,0,30,f,White-European,yes,yes,United States,no,4,18 and more,Self,NO,0
IND685,0.04,0,0,Low Risk,4.0,0,1,0,1,0,0,0,0,1,0,1,53,m,Hispanic,no,no,United States,no,4,18 and more,Relative,NO,0
IND686,0.96,1,1,High Risk,96.0,5,1,0,1,1,1,0,0,1,1,1,38,m,White-European,no,yes,Belgium,no,7,18 and more,Self,YES,0
IND687,0.145,0,0,Low Risk,14.5,0,1,0,0,0,1,0,1,1,0,1,28,m,White-European,no,no,United States,no,5,18 and more,Self,NO,0
IND688,1.0,1,1,High Risk,100.0,5,1,1,1,0,1,1,1,1,1,1,28,m,White-European,no,no,United States,no,9,18 and more,Self,YES,1
IND689,0.985,1,1,High Risk,98.5,5,1,0,1,1,1,1,1,0,1,1,26,m,Black,no,no,Canada,no,8,18 and more,Self,YES,0
IND690,0.7,1,1,High Risk,70.0,5,1,0,0,0,1,1,1,1,1,1,39,f,White-European,no,no,Canada,no,7,18 and more,Self,YES,0
IND691,0.03,0,0,Low Risk,3.0,0,0,0,0,0,1,0,0,0,0,0,31,f,Asian,yes,no,India,no,1,18 and more,Self,NO,0
IND692,0.04,0,0,Low Risk,4.0,0,1,0,0,1,0,0,1,1,0,0,24,m,Black,no,no,United States,no,4,18 and more,Self,NO,0
IND693,0.985,1,1,High Risk,98.5,5,1,1,1,0,1,1,1,1,0,1,28,m,White-European,no,no,United States,no,8,18 and more,Self,YES,0
IND694,0.035,0,0,Low Risk,3.5,0,1,0,0,1,0,0,0,1,0,1,31,f,White-European,no,no,United Kingdom,no,4,18 and more,Self,NO,0
IND695,0.92,1,1,High Risk,92.0,5,1,1,1,1,1,0,0,1,0,1,27,m,White-European,yes,no,United States,no,7,18 and more,Self,YES,0
IND696,0.115,0,0,Low Risk,11.5,0,1,0,1,1,0,0,1,1,0,0,28,m,Latino,no,no,Brazil,yes,5,18 and more,Parent,NO,0
IND697,0.985,1,1,High Risk,98.5,5,1,1,1,1,1,1,0,1,1,1,31,m,Turkish,no,yes,Australia,no,9,18 and more,Self,YES,0
IND698,0.365,0,0,Medium Risk,36.5,2,1,1,1,1,1,0,0,0,0,1,46,f,Asian,no,no,Philippines,no,6,18 and more,Self,NO,1
IND699,0.99,1,1,High Risk,99.0,5,1,1,1,1,1,1,1,1,1,1,27,f,Pasifika,no,no,Australia,no,10,18 and more,Self,YES,0
IND700,0.965,1,1,High Risk,96.5,5,0,1,0,1,1,0,1,1,1,1,25,f,White-European,no,no,Russia,no,7,18 and more,Self,YES,0
IND701,0.025,0,0,Low Risk,2.5,0,1,0,0,0,0,0,0,1,0,1,34,m,Hispanic,no,no,Mexico,no,3,18 and more,Parent,NO,0
IND702,0.905,1,1,High Risk,90.5,5,1,0,1,1,1,0,1,1,0,1,24,f,?,no,no,Russia,no,7,18 and more,?,YES,0
IND703,0.54,1,0,Medium Risk,54.0,2,1,0,0,1,1,0,1,0,1,1,35,m,South Asian,no,no,Pakistan,no,6,18 and more,Self,NO,1
IND704,0.99,1,1,High Risk,99.0,5,1,0,1,1,1,0,1,1,1,1,26,f,White-European,no,no,Cyprus,no,8,18 and more,Self,YES,0
